company,type,developments,headquarters,url_slug
Arquitectonica,Architecture Firm,69,"2900 Oak Avenue, Miami, FL, USA, 33133",developers-arquitectonica
Related Group,Development Company,47,"2850 Tigertail Ave, Ste 800, Miami, FL 33133",developers-related-group
Sieger Suarez Architects,Architecture Firm,31,,developers-sieger-suarez-architects
Kobi Karp Architecture & Interior Design,Architecture Firm,26,"571 NW 28th St, Miami, FL 33127",developers-kobi-karp-architecture-interior-design
ArquitectonicaGEO,Landscape Design Firm,23,"2900 Oak Avenue, Miami, FL 33133",developers-arquitectonicageo
CFE Architects,Architecture Firm,22,,developers-cfe-architects
Enea Landscape Architecture,Landscape Design Firm,21,"Buechstrasse 12, 8645 Rapperswil-Jona, Switzerland.",developers-enea-landscape-architecture
Revuelta Architecture International,Architecture Firm,16,"2950 SW 27th Ave, Ste 110, Miami, FL 33133",developers-revuelta-architecture-international
Revuelta Vega Leon,Architecture Firm,16,"13280 SW 131 Street, Suite 107, Miami, FL 33186",developers-revuelta-vega-leon
Property Markets Group,Development Company,15,"398 NE 5th St, 13th Floor, Miami, FL 33132",developers-property-markets-group
Swire Properties,Development Company,14,"Three Brickell City Centre, 98 SE 7th St, Suite 500, Miami, FL 33131",developers-swire-properties
Behar Font & Partners,Architecture Firm,13,"4533 Ponce De Leon Blvd., Coral Gables, FL 33146",developers-behar-font-partners
ODP Architecture & Design,Architecture Firm,13,"2432 Hollywood Blvd, Hollywood, FL 33020",developers-odp-architecture-design
Urban Robot Associates,Landscape Design Firm,13,"420 Lincoln Road, Suite 600, Miami Beach, FL 33139",developers-urban-robot-associates
Carlos Ott Architects,Architecture Firm,12,"1300 Brickell Bay Dr Apt 602, Miami, Florida, 33131",developers-carlos-ott-architects
Terra,Development Company,12,"3310 Mary Street, Suite 302, Coconut Grove, FL 33133",developers-terra
Bermello Ajamil & Partners,Architecture Firm,11,"4711 South LeJeune Road, Coral Gables, FL 33146",developers-bermello-ajamil-partners
Meyer Davis Studio,Interior Design Firm,11,"180 Varick St, Ste 404, New York, NY 10014",developers-meyer-davis-studio
Fortune International Group,Development Company,10,"1300 Brickell Avenue, Miami, Florida 33131",developers-fortune-international-group
Frankel Benayoun Architects,Architecture Firm,10,"1166 Kane Concourse, Suite 200, Bay Harbor Islands, FL 33154",developers-frankel-benayoun-architects
Fullerton Diaz Architects,Architecture Firm,10,,developers-fullerton-diaz-architects
ArquitectonicaINTERIORS,Interior Design Firm,9,"2900 Oak Avenue, Miami, FL, 33133",developers-arquitectonicainteriors
CMC Group,Development Company,9,"1550 Biscayne Blvd, Ste 300, Miami, FL 33132",developers-cmc-group
Dezer Development,Development Company,8,"18001 Collins Avenue, 31st Floor, Sunny Isles Beach, FL 33160",developers-dezer-development
Nichols Architects,Architecture Firm,8,"2 Alhambra Plaza, Suite 1020, Coral Gables, FL 33134",developers-nichols-architects
Adriana Hoyos Design Studio,Interior Design Firm,7,"2725 Salzedo Street, Coral Gables, FL 33134",developers-adriana-hoyos-design-studio
Cotofana Designs,Interior Design Firm,7,,developers-cotofana-designs
Island Developers,Development Company,7,,developers-island-developers
Lissoni Associati,Interior Design Firm,7,"Via Goito, 9, 20121 Milano, Italy",developers-lissoni-associati
Yabu Pushelberg,Interior Design Firm,7,"66 White Street, 3F, NY 10013",developers-yabu-pushelberg
GFO Investments,Development Company,6,"135 NE 6th St, Miami, FL 33132",developers-gfo-investments
Interiors by Steven G,Interior Design Firm,6,"2818 Center Port Circle, Pompano Beach, FL 33064",developers-interiors-by-steven-g
Naturalficial,Landscape Design Firm,6,"5879 Sunset Drive, Suite 2, South Miami, FL 33143",developers-naturalficial
Rockwell Group,Interior Design Firm,6,"5 Union Square West, 8th Floor, New York, NY 10003",developers-rockwell-group
The Melo Group,Development Company,6,"425 NE 22nd St, Ste 301, Miami, FL 33137",developers-the-melo-group
DesignAgency,Interior Design Firm,5,845 Adelaide St. W.,developers-designagency
EDSA,Landscape Design Firm,5,"2811 McKinney Avenue, Suite 315, Dallas, Texas 75204",developers-edsa
Fisher Island Holdings,Development Company,5,,developers-fisher-island-holdings
J. Scott Architecture,Architecture Firm,5,,developers-j-scott-architecture
Key International,Development Company,5,"848 Brickell Ave, Ste 1100, Miami, FL 33131",developers-key-international
"Raymond Jungles, Inc.",Landscape Design Firm,5,"2964 Aviation Avenue, Miami, FL 33133",developers-raymond-jungles-inc
The Ritz-Carlton,Brand Partner,5,"7750 Wisconsin Ave, Bethesda, MD 20814",developers-the-ritz-carlton
13th Floor Investments,Development Company,4,"2850 Tigertail Ave, Ste 701, Miami, FL 33133",developers-13th-floor-investments
Aria Development Group,Development Company,4,"3050 Biscayne Blvd, STE 301, Miami, FL 33137",developers-aria-development-group
AvroKO,Interior Design Firm,4,"265 Canal St., 4th FL, New York, NY 10013",developers-avroko
Blue Road,Development Company,4,"1111 Kane Concourse, Ste 217, Bay Harbor Islands, Florida 33154",developers-blue-road
Continuum Company,Development Company,4,"49 West 23rd Street, 4th FL, New York, NY 10010",developers-continuum-company
CUBE 3,Architecture Firm,4,"56 High Street, North Andover, MA 01845",developers-cube-3
Fullerton Diaz Revuelta,Architecture Firm,4,,developers-fullerton-diaz-revuelta
Habitat Group,Development Company,4,"175 SW 7th ST Suite 2201, Miami, FL 33130",developers-habitat-group
L&ND Design,Landscape Design Firm,4,"7294 NW 1st Court, Miami, FL 33150",developers-l-nd-design
Lion Development Group,Development Company,4,,developers-lion-development-group
Newgard Development Group,Development Company,4,"1 SE 3rd Ave, Suite 3050, Miami, FL 33131",developers-newgard-development-group
Oppenheim Architecture & Design,Architecture Firm,4,"245 NE 37th Street, Miami, FL 33137",developers-oppenheim-architecture-design
Turnberry Associates,Development Company,4,"19501 Biscayne Blvd, Suite 400, Aventura, Florida 33180",developers-turnberry-associates
Two Roads Development,Development Company,4,"225 NE 34th St, Suite 201, Miami, FL 33137",developers-two-roads-development
YOO Studio,Interior Design Firm,4,"2 Bentinck St, London W1U 2FA, United Kingdom",developers-yoo-studio
Zyscovich Architects,Architecture Firm,4,"100 Biscayne Blvd., 27th Floor, Miami, FL 33132",developers-zyscovich-architects
Allen Morris Company,Development Company,3,"121 Alhambra Plz, PH1, Coral Gables, FL 33134",developers-allen-morris-company
Alta Developers,Development Company,3,"2950 SW 27th Avenue, Suite 220, Miami, FL 33133",developers-alta-developers
BH Group,Development Company,3,"2999 NE 191 Street, Penthouse 2, Aventura, Florida 33180",developers-bh-group
BI Group,Development Company,3,"175 SW 7th Street, Suite 1903, Miami, FL 33130",developers-bi-group
Charles H. Benson & Associates,Architecture Firm,3,"407 Lincoln Road, Suite 9-L, Miami Beach, FL 33139",developers-charles-h-benson-associates
Chateau Group,Development Company,3,"18851 NE 29th Avenue, Suite 1011-B, Aventura, FL 33180",developers-chateau-group
CLAD Landscape Architecture and Design,Landscape Design Firm,3,"8020 NE 4th Ave. Studio 113 Miami, FL 33138",developers-clad-landscape-architecture-and-design
Constellation Group,Development Company,3,"95 Merrick Way, Suite 518, Gables, FL 33134",developers-constellation-group
Fort Partners,Development Company,3,"500 W Cypress Creek Rd, Suite 330, Fort Lauderdale, FL 33309",developers-fort-partners
GTIS Partners,Development Company,3,"787 Seventh Avenue, 50th Fl, New York, NY 10019",developers-gtis-partners
ID & Design International,Interior Design Firm,3,"One North Ocean Blvd., Suite 106, Pompano Beach, Florida 33062",developers-id-design-international
Kohn Pedersen Fox Associates,Architecture Firm,3,"11 W 42nd St, New York, NY 10036",developers-kohn-pedersen-fox-associates
Lefferts,Development Company,3,"159 NE 6th Street, Suite 800, Miami, FL 33132",developers-lefferts
LNDMARK Development,Development Company,3,"10 W Mifflin Street, Suite 400, Madison, WI 53703",developers-lndmark-development
Mast Capital,Development Company,3,"2601 S Bayshore Dr, Ste 1600, Miami, FL 33133",developers-mast-capital
Merrimac Ventures,Development Company,3,"17 NE 4th St, Fort Lauderdale, FL 33301",developers-merrimac-ventures
MG Developer,Development Company,3,"2990 Ponce de Leon, Suite 101 Coral Gables, FL 33134",developers-mg-developer
Michele Bönan Interiors,Interior Design Firm,3,"Limonaia Torrigiani, Via dei Serragli, 144, 50124 Florence, Italy",developers-michele-b-nan-interiors
Multiplan Real Estate Asset Management,Development Company,3,"1450 Brickell Ave, Ste #2750. Miami, FL 33131",developers-multiplan-real-estate-asset-management
North Development,Development Company,3,"1200 Brickell Ave, Ste 1800, Miami, FL 33131",developers-north-development
OKO Group,Development Company,3,"4100 NE 2nd Ave, Ste 307, Miami, FL 33137",developers-oko-group
Regency Development Group,Development Company,3,"425 Huehl Rd, Northbrook, IL 60062",developers-regency-development-group
Robert A.M. Stern Architects,Architecture Firm,3,"One Park Avenue, New York, New York 10016",developers-robert-a-m-stern-architects
S2 Development,Development Company,3,"18851 NE 29th Avenue, Suite 1011, Aventura, FL 33180",developers-s2-development
St. Regis,Brand Partner,3,"7750 Wisconsin AveBethesda, MD 20814",developers-st-regis
St. Regis Hotels & Resorts,Hospitality Operator,3,"7750 Wisconsin AveBethesda, MD 20814",developers-st-regis-hotels-resorts
Starwood Capital Group,Development Company,3,"2340 Collins Ave, Miami Beach, FL 33139",developers-starwood-capital-group
Studio Ramirez,Interior Design Firm,3,"7265 NE 4th Ave, Suite 101, Miami, FL 33138",developers-studio-ramirez
The Boschetti Group,Development Company,3,"5701 Sunset Dr, Suite 128, South Miami, FL 33143",developers-the-boschetti-group
Vertical Developments,Development Company,3,"2333 Ponce de Leon Blvd, Ste 630, Coral Gables, FL 33134",developers-vertical-developments
Wexford Capital,Development Partner,3,,developers-wexford-capital
A++,Interior Design Firm,2,"Via S. Gottardo 53, 6900 Massagno, Switzerland",developers-a
ACPV Architects,Interior Design Firm,2,"Via Cerva 4, 20122 Milano, Italy",developers-acpv-architects
Adrian Smith + Gordon Gill Architecture,Interior Design Firm,2,"30 West Monroe Street, Suite 400, Chicago, IL 60603",developers-adrian-smith-gordon-gill-architecture
ALTA Development,Development Company,2,"9155 South Dadeland Boulevard #1506, Miami, FL 33156",developers-alta-development
Antrobus + Ramirez,Interior Design Firm,2,,developers-antrobus-ramirez
BAP Development,Development Company,2,,developers-bap-development
Bodas Miani Anger,Architecture Firm,2,"Juan Francisco Seguí 3920, C1425ACJ City of Buenos Aires, Argentina",developers-bodas-miani-anger
Bradshaw Gill Fuster & Associates,Landscape Design Firm,2,,developers-bradshaw-gill-fuster-associates
Bryan O'Sullivan Studio,Interior Design Firm,2,"9-12 Long Lane, Barbican, London EC1A 9HA, United Kingdom",developers-bryan-o-sullivan-studio
Built Form,Architecture Firm,2,"935 W Chestnut Street, #520, Chicago, IL 60642",developers-built-form
Carla Guilhem Design,Interior Design Firm,2,"3401 N Miami Ave, Ste 227, Miami, FL 33127",developers-carla-guilhem-design
Cipriani,Brand Partner,2,"110 East 42nd Street, New York, NY 10017",developers-cipriani
Consultatio Real Estate,Development Company,2,"Leandro N. Alem 815, Piso 12 C1001AAD Buenos Aires, Argentina",developers-consultatio-real-estate
Craft,Interior Design Firm,2,,developers-craft
David O. Design,Landscape Design Firm,2,"2686 SW 28th Ln, Miami, FL 33133",developers-david-o-design
De La Guardia Victoria Architects & Urbanists,Architecture Firm,2,"224 Valencia Ave, Coral Gables, FL 33134",developers-de-la-guardia-victoria-architects-urbanists
Debora Aguiar Arquitetos,Interior Design Firm,2,"Rua Groenlândia, 405, São Paulo, SP, 01434-000, Brazil",developers-debora-aguiar-arquitetos
Domus Management,Hospitality Operator,2,,developers-domus-management
Durukan Design,Interior Design Firm,2,"55 Washington Street, Suite 508, Brooklyn, NY 11201",developers-durukan-design
E11EVEN,Brand Partner,2,"29 NE 11th St, Miami, FL 33132",developers-e11even
E11EVEN Partners,Development Company,2,,developers-e11even-partners
Faena,Brand Partner,2,"3201 Collins Avenue, Faena District Miami Beach FL, 33140",developers-faena
Fortis Design + Build,Project Management,2,"2601 NE 2nd Ave, Miami 33137, Miami, FL 33137",developers-fortis-design-build
Four Seasons,Brand Partner,2,"1165 Leslie Street, Suite 600, Toronto, Ontario M3C 2K8, Canada",developers-four-seasons
Gregg Covin Real Estate Development,Development Company,2,,developers-gregg-covin-real-estate-development
Greybrook Realty Partners,Development Company,2,"890 Yonge Street, 7th Floor, Toronto, Ontario M4W 3P4, Canada",developers-greybrook-realty-partners
H.L. Martin Landscape Architect,Landscape Design Firm,2,"5965 SW 38th St, Miami, FL 33155",developers-h-l-martin-landscape-architect
Hirsch Bedner Associates,Interior Design Firm,2,"135 Cecil St, #01-01, Singapore 069536, Singapore",developers-hirsch-bedner-associates
Hyperion Group,Development Company,2,"888 Biscayne Blvd,  Suite 101, Miami, FL  33132",developers-hyperion-group
Integra Investments,Development Company,2,"150 SE 2nd Ave, Ste. 800, Miami, FL, 33131",developers-integra-investments
JDS Development Group,Development Company,2,"120 NE 27th Street, Miami, FL 33137",developers-jds-development-group
Lionstone Development,Development Company,2,"4100 NE 2nd Avenue Suite 202 Miami, Florida 33137",developers-lionstone-development
March and White Design,Interior Design Firm,2,"1st Floor North, St. Christopher's House, 27 St. Christopher's Place, London, W1U 1NZ, United Kingdom",developers-march-and-white-design
Martin Z. Margulies,Development Company,2,"591 NW 27th St, Miami, FL 33127",developers-martin-z-margulies
META Development,Development Company,2,"3390 Mary Street, Suite 270, Coconut Grove, FL 33133",developers-meta-development
Midtown Development,Development Company,2,"5701 Sunset Dr, Suite 350, South Miami, Florida 33143",developers-midtown-development
Midtown Group,Development Company,2,,developers-midtown-group
Morris Design Group USA,Interior Design Firm,2,,developers-morris-design-group-usa
Office for Metropolitan Architecture,Architecture Firm,2,"Weena-Zuid 158, 3012 NC Rotterdam, Netherlands",developers-office-for-metropolitan-architecture
One Thousand Group,Development Company,2,"1040 Biscayne Blvd, Miami, FL 33132",developers-one-thousand-group
Oren Development,Development Company,2,"1418 Commodore Way, Hollywood, FL 33019",developers-oren-development
PPG Development,Development Company,2,"501 Diplomat Parkway, Hallandale Beach, FL 33009",developers-ppg-development
Rene Gonzalez Architect,Architecture Firm,2,"670 NE 50th Ter, Miami, FL 33137",developers-rene-gonzalez-architect
Richardson Sadeki,Interior Design Firm,2,"161 6th Avenue, 11th Floor, New York, NY 10013",developers-richardson-sadeki
Rilea Group,Development Company,2,"1200 Brickell Ave., Suite 1200, Miami, FL 33131",developers-rilea-group
Rosso Development,Development Company,2,"8431 S.W. 52nd Ave, Miami, FL 33143",developers-rosso-development
Shefaor Development,Development Company,2,,developers-shefaor-development
STA Architectural Group,Interior Design Firm,2,"3526 North Miami Avenue, Miami FL 33127",developers-sta-architectural-group
Stantec,Architecture Firm,2,"10220 103 Ave NW Suite 300, Edmonton, AB T5J 0K4, Canada",developers-stantec
Stripey Real Estate Development,Development Company,2,"2800 Biscayne Blvd, Suite 310, Miami, FL 33137",developers-stripey-real-estate-development
Studio Mc+G Architecture,Architecture Firm,2,"230 NE  97th Street, Miami Shores, FL33138",developers-studio-mc-g-architecture
Studio Munge,Interior Design Firm,2,"25 Wingold Avenue, Toronto, Ontario M6B 1P8, CA",developers-studio-munge
Tara Bernerd & Partners,Interior Design Firm,2,"1 Hans Street, London SW1X 0JD, United Kingdom",developers-tara-bernerd-partners
TEN Arquitectos,Architecture Firm,2,"Cuernavaca 114, PB, Col. Condesa, CP 06140, Ciudad de México, Mexico",developers-ten-arquitectos
The One Atelier,Interior Design Firm,2,"2 Babmaes Street, London SW1Y 6HD, United Kingdom",developers-the-one-atelier
The Standard,Brand Partner,2,"23 East 4th Street, 5th Floor, New York, NY 10003",developers-the-standard
THE WELL,Brand Partner,2,"2 East 15th Street, New York, NY 10003",developers-the-well
Viceroy Hotel & Resorts,Brand Partner,2,"870 7th Avenue, 2nd Floor, New York, NY 10019",developers-viceroy-hotel-resorts
Witkoff,Development Company,2,"233 Broadway, New York, NY 10279",developers-witkoff
Zaha Hadid Architects,Architecture Firm,2,"101 Goswell Road, London, EC1V 7EZ, United Kingdom",developers-zaha-hadid-architects
1 Hotels,Brand Partner,1,,developers-1-hotels
1000 Biscayne Tower LLC,Development Company,1,"1000 Biscayne Blvd, Miami, FL 33132",developers-1000-biscayne-tower-llc
1508 London,Interior Design Firm,1,"7 Howick Place, London, SW1P 1BB, United Kingdom",developers-1508-london
AB Asset Management,Development Partner,1,"66 W Flagler Street, Miami, Florida 33130",developers-ab-asset-management
Access Industries,Development Company,1,"40 W 57th St, 28th Floor, New York, NY 10019",developers-access-industries
Accor,Hospitality Operator,1,"Issy-les-Moulineaux, Île-de-France,",developers-accor
Africa Israel Investments Ltd,Development Company,1,"1 Yael Man, Ramat Hasharon, 4734501, Israel",developers-africa-israel-investments-ltd
AGM Aria,Development Company,1,"51 E 12th St, Fl 7. New York, NY 10003",developers-agm-aria
Aksoy Holdings,Development Company,1,"Aksoy Plaza, Maslak, AOS 55 Sk. No: 2, 34475 Sariyer, Istanbul, Turkey",developers-aksoy-holdings
Alfonso Jurado Architecture (AJ/A),Architecture Firm,1,"1035 N Miami Ave., Suite 406, Miami, FL 33136",developers-alfonso-jurado-architecture-aj-a
Aman Interiors,Interior Design Firm,1,"75 Grosvenor Street, Mayfair, London W1K 3JS, United Kingdom",developers-aman-interiors
Aman Resorts,Hospitality Operator,1,"Grabenstrasse 17, 6340 Baar, Switzerland",developers-aman-resorts
"Anantara Hotels, Resorts & Spas",Brand Partner,1,"88 The PARQ Building, 12th Fl. Ratchadaphisek Road, Bangkok, Bangkok 10110, TH",developers-anantara-hotels-resorts-spas
Anastassiadis,Interior Design Firm,1,"Rua Ceara 436, Higienopolis, Sao Paulo, SP, 01243-010, Brazil",developers-anastassiadis
AQARAT,Development Company,1,"Darwazat Abdul Razak Street, Souk Al Kuwait Building 8th Floor, Block B, P.O. Box 1257, Safat, 13013, Kuwait",developers-aqarat
Arhidiza,Interior Design Firm,1,"16950 N BAY RD, APT 804, Sunny Isles Beach, FL 33160",developers-arhidiza
Ark Capital Group,Development Company,1,"1000 N. Hiatus Rd., Suite 103, Pembroke Pines, FL 33026",developers-ark-capital-group
Armani/Casa Interior Design Studio,Interior Design Firm,1,,developers-armani-casa-interior-design-studio
Armentano Arquitetura,Interior Design Firm,1,"Fidêncio Ramos St 101, 14th floor, Vila Olímpia, São Paulo, Brazil",developers-armentano-arquitetura
Art+Tec Development,Development Company,1,"1111 Kane Concourse, Suite 517, Bay Harbor Islands, FL 33154",developers-art-tec-development
Artefacto,Brand Partner,1,"Rua Haddock Lobo, 1405, São Paulo, SP 01414-003, Brazil",developers-artefacto
Ascendra Capital,Development Company,1,,developers-ascendra-capital
Asprea Studio,Interior Design Firm,1,"511 Canal St, Ste 500, New York, NY 10013",developers-asprea-studio
Aston Martin,Brand Partner,1,,developers-aston-martin
Aston Martin Design Studio,Interior Design Firm,1,,developers-aston-martin-design-studio
Azure Beach Development,Development Company,1,"290 Southeast 6th Avenue, Suite #5, Delray Beach, FL 33483",developers-azure-beach-development
B&B Italia,Brand Partner,1,"Strada Provinciale Novedratese 32/15, Novedrate, Como, 22060, Italy",developers-b-b-italia
Baccarat,Brand Partner,1,"545 Madison Avenue, New York, NY 10022",developers-baccarat
Baccarat Hotels & Resorts,Brand Partner,1,"28 West 53rd Street, New York, NY 10019",developers-baccarat-hotels-resorts
Baltus,Brand Partner,1,,developers-baltus
Baltus Interiors,Interior Design Firm,1,"C. Mar de Tasmania, S/N, P.I. Polaris World, 30591 Balsicas, Murcia, Spain",developers-baltus-interiors
BAM Property Development,Development Company,1,,developers-bam-property-development
BAMO,Interior Design Firm,1,"1000 Brannan Street, Suite 300, San Francisco, CA 94103",developers-bamo
Bayshore Grove Capital,Development Company,1,"2665 S Bayshore Dr, Ste M-102, Miami, FL 33133",developers-bayshore-grove-capital
BC Architects,Architecture Firm,1,"75 Valencia Avenue, Suite 1000, Coral Gables, FL 33134",developers-bc-architects
"BCOM, Inc.",Development Company,1,,developers-bcom-inc
Bellin Pratt & Fuentes Architects,Architecture Firm,1,"301 Almeria Ave, Suite 210, Coral Gables, FL 33134",developers-bellin-pratt-fuentes-architects
Bellon Architecture,Architecture Firm,1,"12930 SW 128th Street, Suite 203, Miami, FL 33186",developers-bellon-architecture
Ben-Josef Group,Development Company,1,,developers-ben-josef-group
Bentley Motors,Brand Partner,1,"Pyms Lane, Crewe, Cheshire, CW1 3PL, United Kingdom",developers-bentley-motors
BH Investment Group,Development Company,1,"150 SE 2nd Ave. Suite 1100, Miami, FL 33131",developers-bh-investment-group
BH3 Management,Development Company,1,"819 NE 2nd Avenue, Suite 500, Fort Lauderdale, FL 33304",developers-bh3-management
Bjarke Ingels Group,Interior Design Firm,1,"45 Main Street, 9th Floor, Brooklyn, NY 11201",developers-bjarke-ingels-group
Black Salmon,Development Company,1,"1200 Ponce de Leon Blvd. Suite #1403, Coral Gables, FL 33134",developers-black-salmon
BLDG Ventures LLC,Development Company,1,"1265 SW 22nd Street, Miami, FL 33145",developers-bldg-ventures-llc
Boris Pena Architects,Architecture Firm,1,"2900 SW 28th Lane, Suite 105, Miami, FL 33133",developers-boris-pena-architects
Brack Capital Real Estate,Development Company,1,"853 Broadway, Floor 2, New York, NY 10003",developers-brack-capital-real-estate
Brick O. Real Estate,Development Company,1,,developers-brick-o-real-estate
BSG Development,Development Company,1,,developers-bsg-development
C. Right Studios,Landscape Design Firm,1,,developers-c-right-studios
C.A.D. International,Interior Design Firm,1,"1040 Biscayne Blvd, 2504, Miami, Florida 33132",developers-c-a-d-international
Cain International,Development Company,1,,developers-cain-international
Carl Levin Architects + Design,Architecture Firm,1,"2980 McFarlane Rd, Second Floor, Miami, FL 33133",developers-carl-levin-architects-design
Carlos Guevara Architects,Interior Design Firm,1,"1300 Brickell Bay Dr Apt 602, Miami, Florida, 33131",developers-carlos-guevara-architects
Carlos Zapata Studio,Architecture Firm,1,"561 Broadway, Unit 4A, New York, NY 10012",developers-carlos-zapata-studio
Casa Tua,Brand Partner,1,"235 Lincoln Road, Miami Beach, FL-Florida 33139",developers-casa-tua
Caymares Martin Architecture and Engineering Design,Architecture Firm,1,"5001 SW 74th Ct, Ste 100, Miami, FL 33155",developers-caymares-martin-architecture-and-engineering-design
Charles & Co,Interior Design Firm,1,"152 Madison Ave, 21st Floor, New York, NY 10016",developers-charles-co
Christopher Cawley Landscape Architecture,Landscape Design Firm,1,"7245 NE 4th Ave, Suite 104, Miami, FL 33138",developers-christopher-cawley-landscape-architecture
Ciprés,Development Company,1,"1200 Brickell Avenue, Suite 1200, Miami, FL 33131",developers-cipr-s
Clausen-Collaborative Interior Design (CCID),Interior Design Firm,1,,developers-clausen-collaborative-interior-design-ccid
Cobalt Development Group,Development Company,1,,developers-cobalt-development-group
Cola Blanca Studio,Interior Design Firm,1,"50 mts Norte de la plaza del Invu, diagonal a Montesol, Santa Ana, San José, 10901, Costa Rica",developers-cola-blanca-studio
Collarte Interiors,Interior Design Firm,1,"3444 Main Highway, Unit #6, Miami, FL 33133",developers-collarte-interiors
Concepto Taller de Arquitectura | Interior Design,Interior Design Firm,1,"Ave. Lomas de Sotelo #855, 11200 Mexico City, Mexico",developers-concepto-taller-de-arquitectura-interior-design
Constellation Hotels Holding,Development Company,1,,developers-constellation-hotels-holding
Corwil Architects,Architecture Firm,1,"4210 Laguna Street, Coral Gables, FL 33146",developers-corwil-architects
Crescent Heights,Development Company,1,"2200 Biscayne Boulevard, Miami, FL 33137",developers-crescent-heights
DaGrosa Capital Partners,Development Company,1,"3011 Ponce de Leon Blvd, Suite 1420, Coral Gables, FL 33134",developers-dagrosa-capital-partners
DAMAC International,Development Company,1,"Executive Heights, 20th Floor, Barsha Heights, P.O. Box 2195, Dubai, United Arab Emirates",developers-damac-international
David Chipperfield Architects,Architecture Firm,1,"22 Little Portland Street, London W1W 8BU, United Kingdom",developers-david-chipperfield-architects
Deforma Studio,Architecture Firm,1,"5555 Biscayne Blvd 2SW, Miami, FL 33137",developers-deforma-studio
Delano Hotels,Brand Partner,1,"1685 Collins Ave, Miami Beach, FL 33139",developers-delano-hotels
Design Architecture Consultants,Interior Design Firm,1,"2350 Coral Way, Miami, FL 33145",developers-design-architecture-consultants
Design Philosophy,Interior Design Firm,1,,developers-design-philosophy
Design Studio Boca,Landscape Design Firm,1,"2300 Corporate Blvd NW, Ste 214, Boca Raton, FL 33431",developers-design-studio-boca
Dieguez Fridman Design,Interior Design Firm,1,,developers-dieguez-fridman-design
Dolce&Gabbana,Brand Partner,1,"Via C. Goldoni 10, 20129 Milano, Italia",developers-dolce-gabbana
DTI Architects,Architecture Firm,1,"14125 NW 80th Avenue, Suite 303, Miami Lakes, Florida 33016",developers-dti-architects
Eastview Development,Development Company,1,,developers-eastview-development
EB Developers,Development Company,1,,developers-eb-developers
Eden Residential,Development Company,1,"2801 SW 31st Ave., Ste. 2B, Coconut Grove, FL 33133",developers-eden-residential
EDITION,Brand Partner,1,"820 Greenwich St, New York, New York 10014",developers-edition
Element Development,Development Company,1,"3006 Aviation Ave, Ste 2-A. Miami, FL. 33133",developers-element-development
Elkus Manfredi Architects,Architecture Firm,1,"25 Drydock Avenue, Boston, Massachusetts 02210",developers-elkus-manfredi-architects
ELLE,Brand Partner,1,"Hearst Tower, 300 W 57th St, New York, NY 10019",developers-elle
Elliott Management Corporation,Development Company,1,"360 S. Rosemary Ave, 18th Floor, West Palm Beach, FL 33401",developers-elliott-management-corporation
"Estoril, Inc.",Development Company,1,,developers-estoril-inc
Euro Design Group,Interior Design Firm,1,,developers-euro-design-group
Extell Development,Development Company,1,"805 Third Avenue, 7th Floor, New York, NY 10022",developers-extell-development
FAB 314 Architecture Workshop,Interior Design Firm,1,"HaYesod Street 2, #121, Tel Aviv, 6816324, Israel",developers-fab-314-architecture-workshop
Fasciano Investments,Development Partner,1,,developers-fasciano-investments
Fendi,Brand Partner,1,"Palazzo della Civiltà, Quadrato della Concordia 3, 00144, Rome, Italy",developers-fendi
FENDI Casa,Brand Partner,1,"Piazza della Scala, 20121 Milan, Italy",developers-fendi-casa
Fernando Wong Outdoor Living Design,Landscape Design Firm,1,"1504 Bay Road - Suite 2705, Miami Beach, FL 33139",developers-fernando-wong-outdoor-living-design
Field Operations,Landscape Design Firm,1,"4 Bryant Park, Floor 11, New York, NY 10018",developers-field-operations
Flag Luxury Group,Development Company,1,"70 East 55th Street, 23rd Floor, New York, NY 10022",developers-flag-luxury-group
Florida Development Associates,Development Company,1,,developers-florida-development-associates
Florida Value Partners,Development Company,1,"15500 New Barn Road # 104, Miami Lakes, FL 33014",developers-florida-value-partners
Flow,Development Company,1,"1170 Kane Concourse, Suite 300, Bay Harbor Islands, FL 33154",developers-flow
FormGroup Architects,Architecture Firm,1,"6161 Waterford District Dr Ste 290, Miami, FL 33126",developers-formgroup-architects
Foster + Partners,Architecture Firm,1,"Riverside, 22 Hester Road, London, SW11 4AN, United Kingdom",developers-foster-partners
Fouquet's,Brand Partner,1,"456 Greenwich St, New York, NY 10013, US",developers-fouquet-s
Frida Kahlo,Brand Partner,1,"1111 Kane Concourse, Suite 410, Bay Harbor Islands, FL 33154",developers-frida-kahlo
FuseProject,Interior Design Firm,1,"1401 16th Street, San Francisco, CA 94103",developers-fuseproject
G&G Business Developments,Development Company,1,"1200 Brickell Avenue, Suite 1660 Miami, FL 33131",developers-g-g-business-developments
G&L Real Estate Development,Development Company,1,"Marchant Pereira 201, Floor 3, 7500531 Providencia, Santiago, Región Metropolitana, CHILE",developers-g-l-real-estate-development
Gabellini Sheppard Associates,Interior Design Firm,1,"665 Broadway, Suite 706, New York, NY 10012",developers-gabellini-sheppard-associates
Gamla Cedron Group,Development Company,1,"1110 NW 1st St, Miami, FL 33130",developers-gamla-cedron-group
Gary Cohen,Development Company,1,,developers-gary-cohen
Gensler,Architecture Firm,1,"220 Montgomery St. Suite 200, San Francisco, CA 94104",developers-gensler
"Geomantic Designs, Inc.",Landscape Design Firm,1,"2332 Galiano Street, 2nd Floor, Coral Gables, FL 33134",developers-geomantic-designs-inc
GGM Developers,Development Company,1,,developers-ggm-developers
GICSA,Development Company,1,"Tamarind Promenade No. 90, Tower 1, Floor 32, Bosques de las Lomas, 05120 Ciudad de México, Mexico",developers-gicsa
Gilcar LLC,Development Company,1,,developers-gilcar-llc
Globe Invest,Development Company,1,"4 Foti Pitta St, 13th Floor, 1065, Nicosia, Cyprus",developers-globe-invest
Goodrich,Interior Design Firm,1,,developers-goodrich
Groupe Pacific International,Development Company,1,,developers-groupe-pacific-international
Grupo T&C,Development Company,1,"Av. Javier Prado Oeste 769, San Isidro, Lima 15073, Perú",developers-grupo-t-c
GSLA Studios,Landscape Design Firm,1,,developers-gsla-studios
Gumenick Properties,Development Company,1,"4901 Libbie Mill East Boulevard, Suite 200, Richmond, VA 23230",developers-gumenick-properties
Gustafson Porter + Bowman,Landscape Design Firm,1,"1 Cobham Mews, London, NW1 9SB",developers-gustafson-porter-bowman
H&H Development,Development Company,1,"Eden House, Jumeirah Garden City, 41st St, Al Satwa, Dubai, United Arab Emirates",developers-h-h-development
HAC Architects,Architecture Firm,1,"175 SW 7th Street, Suite 2201, Miami, FL 33130",developers-hac-architects
Handel Architects,Architecture Firm,1,"120 Broadway, 6th Fl., New York, NY 10271",developers-handel-architects
Harry B. Helmsley,Development Company,1,,developers-harry-b-helmsley
Hazelton Capital Group,Development Company,1,,developers-hazelton-capital-group
Herzog & de Meuron,Architecture Firm,1,"Rheinschanze 6, 4056 Basel, Switzerland",developers-herzog-de-meuron
Highgate,Hospitality Operator,1,"870 Seventh Avenue, 2nd Fl, New York, New York, 10019",developers-highgate
Hilton Hotels & Resort,Hospitality Operator,1,"7930 Jones Branch Dr, McLean, VA 22102",developers-hilton-hotels-resort
Hilton Worldwide,Hospitality Operator,1,"7930 Jones Branch Drive, McLean, Virginia 22102",developers-hilton-worldwide
HKS Inc.,Architecture Firm,1,"350 N Saint Paul St, #100, Dallas, TX 75201",developers-hks-inc
Hogg Holdings,Development Company,1,"583 Pacific St, Stamford, CT 06902",developers-hogg-holdings
HQ Hotels & Residences,Brand Partner,1,"9247 Alden Drive, Beverly Hills, CA 90210",developers-hq-hotels-residences
HWKN Architecture,Architecture Firm,1,"1 Whitehall St, 14th Floor, New York, NY 10004",developers-hwkn-architecture
IDEA Architects,Architecture Firm,1,"3323 NE 163rd Street, Suite 200, North Miami Beach, FL 33160",developers-idea-architects
IDEA Interior Designers,Interior Design Firm,1,,developers-idea-interior-designers
IGEQ,Development Company,1,"175 SW 7th Street, Suite 1718 Miami, FL 33130",developers-igeq
Ilia Development Group,Development Company,1,,developers-ilia-development-group
INC,Interior Design Firm,1,,developers-inc
Iosa Ghini Associati,Interior Design Firm,1,"Via Castiglione, 6, 40124, Bologna, Italy",developers-iosa-ghini-associati
Island Planning Corporation,Landscape Design Firm,1,"248 Washington Avenue, Studio C, Miami Beach, FL 33139",developers-island-planning-corporation
iStar Residential,Development Company,1,,developers-istar-residential
Jean-Georges,Brand Partner,1,"111 Prince Street, 2nd Floor, New York, NY 10012",developers-jean-georges
Jean-Georges Management,Hospitality Operator,1,"111 Prince Street, 2nd Floor, New York, NY 10012",developers-jean-georges-management
Jean-Louis Deniot SAS,Interior Design Firm,1,"39 Quai d'Orsay, 75007 Paris, France",developers-jean-louis-deniot-sas
Joseph Dirand Architecture,Interior Design Firm,1,"51 rue Saint Georges, 75009 Paris, France",developers-joseph-dirand-architecture
KAR Properties,Development Company,1,"232 Madison Avenue, 2nd Floor, New York, NY 10016",developers-kar-properties
"Karim Rashid, Inc.",Interior Design Firm,1,"547 W 47th St, Unit 1102, New York, NY 10036",developers-karim-rashid-inc
Karl Lagerfeld,Interior Design Firm,1,"Herengracht 182, 1016 BR Amsterdam, Netherlands",developers-karl-lagerfeld
Keith,Landscape Design Firm,1,"301 E Atlantic Boulevard, Pompano Beach, FL 33060",developers-keith
Kempinski Hotels,Brand Partner,1,,developers-kempinski-hotels
Kengo Kuma,Interior Design Firm,1,,developers-kengo-kuma
Kimley-Horn and Associates,Landscape Design Firm,1,,developers-kimley-horn-and-associates
Kravitz Design,Interior Design Firm,1,"445 Park Ave, New York, NY 10022",developers-kravitz-design
L3C Capital Partners,Development Partner,1,"366 Madison Avenue, New York, NY 10017",developers-l3c-capital-partners
Landau Properties,Development Company,1,"105 Madison Ave, 2nd Floor, New York, NY 10016",developers-landau-properties
Largo,Development Company,1,,developers-largo
LD&D,Development Company,1,"2347 Biscayne Blvd, Ste 108, Miami, FL 33137",developers-ld-d
LeFrak,Development Company,1,"40 W 57th St Fl 23, New York, NY 10019",developers-lefrak
Leste,Development Partner,1,"1450 Brickell Ave #2600, Miami, FL 33131",developers-leste
Lionheart Capital,Development Company,1,"4218 NE 2nd Avenue, 2nd Floor, Miami, FL 33137",developers-lionheart-capital
Loguer Design,Interior Design Firm,1,"Bosque de Ciruelos 190, Bosque de las Lomas, Miguel Hidalgo, 11700 Ciudad de México, CDMX",developers-loguer-design
LORE Development Group,Development Company,1,"1450 Brickell Ave, Miami, FL 33131",developers-lore-development-group
LSN Arquitectos,Architecture Firm,1,"Paraguay 1208 Of. 502, 11100 Montevideo, Uruguay",developers-lsn-arquitectos
LYND,Development Company,1,"4499 Pond Hill Rd, Shavano Park, TX 78231",developers-lynd
m2atelier,Interior Design Firm,1,"via f. londonio 29, 20154 milano, italy",developers-m2atelier
M77R,Architecture Firm,1,"7290 NW 1st Ct, Miami, FL 33150",developers-m77r
Major Food Group,Hospitality Operator,1,"99 E 52nd St, New York, NY 10022",developers-major-food-group
Mandarin Oriental,Brand Partner,1,"8th Floor, One Island East, Taikoo Place, 18 Westlands Road, Quarry Bay, Hong Kong",developers-mandarin-oriental
Mandarin Oriental Hotel Group,Hospitality Operator,1,"8th Floor, One Island East, Taikoo Place, 18 Westlands Road, Quarry Bay, Hong Kong",developers-mandarin-oriental-hotel-group
Marc Roberts Companies,Development Company,1,"4167 Main St, Jupiter, FL 33458",developers-marc-roberts-companies
Martha Schwartz Partners,Landscape Design Firm,1,"471 W 144th Street, New York, NY 10031",developers-martha-schwartz-partners
MDM Group,Development Company,1,"9090 S. Dadeland Blvd. Miami, Fl 33156",developers-mdm-group
Meier Architects,Architecture Firm,1,"475 Tenth Ave, Sixth Floor, New York, NY 10018",developers-meier-architects
Meliá,Brand Partner,1,"Calle Gremio Toneleros 24, 07009 Palma de Mallorca, Spain",developers-meli
Meliá Hotels & Resorts,Hospitality Operator,1,"Calle Gremio Toneleros 24, 07009 Palma de Mallorca, Spain",developers-meli-hotels-resorts
Mercedes-Benz,Brand Partner,1,"Mercedesstraße 120, 70372 Stuttgart, Germany",developers-mercedes-benz
Meshberg Group,Interior Design Firm,1,"195 Broadway, Floor 4, Brooklyn, NY 11211",developers-meshberg-group
Miami Design District Associates,Development Company,1,,developers-miami-design-district-associates
Millennium Partners MDA Associates,Development Company,1,"1995 Broadway, New York, NY 10023",developers-millennium-partners-mda-associates
Minor Hotels,Hospitality Operator,1,"88 The PARQ Building, 12th Fl. Ratchadaphisek Road, Klongtoey, Bangkok 10110, Thailand",developers-minor-hotels
MKDA,Architecture Firm,1,"902 Broadway, 17th Floor, New York, NY 10010",developers-mkda
Mohari Hospitality,Development Company,1,"lat 401, 6 Afroditis, 1060 Nicosia, Cyprus",developers-mohari-hospitality
Monroe Capital,Development Company,1,"155 North Wacker Drive, 30th Floor, Chicago, IL 60606",developers-monroe-capital
Morabito Properties,Development Company,1,"1691 Michigan Avenue, Suite 205, Miami Beach, FL 33139",developers-morabito-properties
Morada Haute Design,Interior Design Firm,1,"1680 Michigan Ave. Suite 700, Miami Beach, Florida 33139",developers-morada-haute-design
Mr. C Hotels & Residences,Hospitality Operator,1,"3326 Mary St, Miami, Florida 33133",developers-mr-c-hotels-residences
MSA Architects,Architecture Firm,1,"8950 SW 74th Ct, Suite 1513, Miami, Florida 33156",developers-msa-architects
Naftali Group,Development Company,1,"152 West 57th Street, 45th Floor, New York, NY 10019",developers-naftali-group
NC Studio,Interior Design Firm,1,,developers-nc-studio
Neo Epoch,Development Company,1,,developers-neo-epoch
Nick Luaces Design Associates,Interior Design Firm,1,,developers-nick-luaces-design-associates
Nielsen Landscape Architects,Landscape Design Firm,1,"1447 Cypress Drive, Suite 2, Jupiter, Florida 33469",developers-nielsen-landscape-architects
Nina Takesh Designs,Interior Design Firm,1,,developers-nina-takesh-designs
Nobu Hospitality,Brand Partner,1,,developers-nobu-hospitality
NoMad,Brand Partner,1,"19 E Ortega St, Santa Barbara, CA 93101",developers-nomad
North Management,Hospitality Operator,1,"1200 Brickell Ave, Suite 1800, Miami, Florida 33131",developers-north-management
Northlink Capital,Development Company,1,"152 West 57th Street – 55th Floor, New York, NY, 10019",developers-northlink-capital
NR Investments,Development Company,1,"1600 NE 1st Avenue, Suite 3800, Miami, FL 33132",developers-nr-investments
Ocean Terrace Holdings,Development Company,1,"1035 N iami Ave, Suite 201, Miami, FL 33136",developers-ocean-terrace-holdings
ODA New York,Interior Design Firm,1,"99 Hudson Street, Second Floor, New York, NY 10013",developers-oda-new-york
Okan Group,Development Company,1,"Okan Plaza, Ankara Asfaltı No:2/A 34718, Acıbadem - İstanbul /Türkiye",developers-okan-group
One Capital,Development Company,1,,developers-one-capital
One Line Design Studio,Interior Design Firm,1,"2103 Coral Way, Suite 701, Miami, FL 33145",developers-one-line-design-studio
Opportunity,Development Partner,1,"Rua Visconde de Pirajá, nº 351, 14º andar, Ipanema, Rio de Janeiro - RJ, 22410-906, Brazil",developers-opportunity
Optimum Development USA,Development Company,1,,developers-optimum-development-usa
OSPA,Interior Design Firm,1,"Av. Osvaldo Aranha, 790, Porto Alegre, RS, 90035-191, Brazil",developers-ospa
OZL Investments,Development Partner,1,,developers-ozl-investments
P Landscape,Landscape Design Firm,1,"59/3 Soi Sukhumvit 39, Klongton Nua, Wattana, Bangkok 10110, Thailand",developers-p-landscape
Pagani,Brand Partner,1,"Via dell'Artigianato, 5 – Vill. La Graziosa, 41018 San Cesario sul Panaro (MO), Italy",developers-pagani
Pagani Arte,Brand Partner,1,"Via dell'Artigianato 5, 41018 San Cesario sul Panaro MO, Italy",developers-pagani-arte
Palm Tree Crew,Brand Partner,1,"1800 Bay Road, Suite 201, Miami Beach, FL 33139",developers-palm-tree-crew
Paramount Ventures,Development Company,1,,developers-paramount-ventures
Paredes Architects,Architecture Firm,1,"12915 SW 132 St, Ste 3, Miami, FL 33186",developers-paredes-architects
Paul Duesing Design Partners,Interior Design Firm,1,"2600 Fairmount St, Dallas, TX 75201",developers-paul-duesing-design-partners
PEBB Enterprises,Development Company,1,,developers-pebb-enterprises
Peebles Atlantic Development,Development Company,1,"1691 Michigan Ave., Suite 250, Miami Beach, FL 33139",developers-peebles-atlantic-development
Pelli Clarke & Partners,Architecture Firm,1,"1056 Chapel St, New Haven, Ct 06510",developers-pelli-clarke-partners
Pepe Calderin Design,Interior Design Firm,1,"12430 W Dixie Hwy, North Miami, FL 33161",developers-pepe-calderin-design
Perry Guillot Inc,Landscape Design Firm,1,"1865 N Sea Rd, Southampton, NY 11968",developers-perry-guillot-inc
Pfeifer Haus,Interior Design Firm,1,"221 NE 82nd St, Suite #2, Miami, Florida 33138",developers-pfeifer-haus
Pininfarina,Interior Design Firm,1,"Via Nazionale, 30, 10020 Cambiano (TO), Italy",developers-pininfarina
Pinnacle Property Management,Hospitality Operator,1,,developers-pinnacle-property-management
Pivot Hotels & Resorts,Hospitality Operator,1,"One Ravinia Drive, Suite 1600, Atlanta, GA 30346",developers-pivot-hotels-resorts
Place Projects,Development Company,1,"570 NE 57th Street, Miami, FL 33137",developers-place-projects
Pliskin Architecture,Interior Design Firm,1,"233 Broadway, Ste 2030, New York, NY 10279",developers-pliskin-architecture
Pontegadea Group,Development Company,1,,developers-pontegadea-group
Porsche,Brand Partner,1,"Porscheplatz 1, 70435 Stuttgart, Germany",developers-porsche
Portofino Group,Development Company,1,,developers-portofino-group
Pravda Arkitect,Interior Design Firm,1,3 Rue Henri de Bornier Paris 16,developers-pravda-arkitect
Proper Hospitality,Hospitality Operator,1,"225 Arizona Avenue, Suite 350, Santa Monica, CA 90401",developers-proper-hospitality
Radyca,Interior Design Firm,1,"1901 N Dixie Hwy, West Palm Beach, FL 33407",developers-radyca
Rafael Viñoly Architects,Architecture Firm,1,"375 Pearl St, 31st Floor, New York, NY 10038",developers-rafael-vi-oly-architects
Raycliff Capital,Development Company,1,,developers-raycliff-capital
Raymond Nicolas,Interior Design Firm,1,"7310 NW 3rd AveMiami, FL 33150",developers-raymond-nicolas
RDAI,Interior Design Firm,1,"13, rue du Mail, 75002, Paris, France",developers-rdai
RedHoek+,Development Company,1,"185 Van Dyke St, Brooklyn, NY 11231",developers-redhoek
Regalia Group,Development Company,1,,developers-regalia-group
Rena Dumas Architecture Intérieure,Interior Design Firm,1,"13 rue du Mail, 75002 Paris, France",developers-rena-dumas-architecture-int-rieure
Renzo Piano Building Workshop,Architecture Firm,1,"34 Rue des Archives, 75004 Paris, France",developers-renzo-piano-building-workshop
Rhett Roy Landscape Architecture,Landscape Design Firm,1,"7860 Peters Rd, Ste F-110, Plantation, FL 33324",developers-rhett-roy-landscape-architecture
Riviera Horizons,Development Company,1,"4531 Prairie Ave, Miami Beach, FL 33140",developers-riviera-horizons
Robert Finvarb Companies,Development Company,1,"20807 Biscayne Blvd, Ste 200, Aventura, FL 33180",developers-robert-finvarb-companies
Robert Swedroe,Architecture Firm,1,"12000 Biscayne Blvd, Suite 200, Miami, FL 33181",developers-robert-swedroe
Roger Development Group,Development Company,1,"782 NW 42nd Avenue, Suite 550 Miami, FL 33126",developers-roger-development-group
Rottet Studio,Interior Design Firm,1,"Briar Hollow Lane, Houston, TX 77027",developers-rottet-studio
ROVR Development,Development Company,1,"1550 Madruga Avenue, Suite 502, Coral Gables, FL 33146",developers-rovr-development
Roxana Victoria Interiors,Interior Design Firm,1,"1331 Brickell Bay Drive, Miami, Florida, 33131",developers-roxana-victoria-interiors
Royal Palm Companies,Development Company,1,"333 SE 2nd Avenue Suite 3000, Miami, Florida 33131",developers-royal-palm-companies
RSP Architects,Architecture Firm,1,"1220 Marshall Street NE, Minneapolis, MN 55413",developers-rsp-architects
RTKL,Interior Design Firm,1,"Arcadis N.V., P.O. Box 7895, 1008 AB Amsterdam, Netherlands",developers-rtkl
Sam Robin Design,Interior Design Firm,1,"1000 Venetian Way, Suite 112, Miami Beach, FL 33139",developers-sam-robin-design
Sapir Corp LTD,Development Company,1,"261 Madison Ave, 17th Floor, New York, NY 10016",developers-sapir-corp-ltd
Sasaki Studio,Landscape Design Firm,1,"110 Chauncy Street, Suite 200, Boston, MA 02111",developers-sasaki-studio
Savino & Miller Design Studio,Landscape Design Firm,1,"12345 NE 6th Avenue, Suite A, North Miami, FL 33161",developers-savino-miller-design-studio
SB Architects,Architecture Firm,1,"10 Valentine Place, London, SE1 8QH, United Kingdom",developers-sb-architects
SB Development Group,Development Company,1,"700 Rockaway Turnpike, Suite 204, Lawrence, NY 11559",developers-sb-development-group
SBE Entertainment Group,Hospitality Operator,1,"9247 Alden Dr, Beverly Hills, CA 90210",developers-sbe-entertainment-group
SH Hotels & Resorts,Hospitality Operator,1,"3225 Aviation Avenue, Suite 500, Coconut Grove, FL 33133",developers-sh-hotels-resorts
Shannon Farrell Design,Interior Design Firm,1,,developers-shannon-farrell-design
Shim Projects,Interior Design Firm,1,"7261 NE 4th Ave, Miami, FL 33138",developers-shim-projects
Shoma Group,Development Company,1,"201 Sevilla Ave Ste 300, Coral Gables, FL 33134",developers-shoma-group
SHoP Architects,Architecture Firm,1,"233 Broadway 11th Floor, New York, NY 10279",developers-shop-architects
"Skidmore, Owings & Merrill",Architecture Firm,1,"7 World Trade Center, 250 Greenwich Street, 28th Floor, New York, New York 10007",developers-skidmore-owings-merrill
Skyline Equities Realty,Development Company,1,,developers-skyline-equities-realty
Slattery and Associates,Architecture Firm,1,"2060 NW Boca Raton Blvd #2, Boca Raton, FL 33431",developers-slattery-and-associates
SMG Management,Development Company,1,,developers-smg-management
SMHA,Landscape Design Firm,1,,developers-smha
Society Owners Program,Hospitality Operator,1,,developers-society-owners-program
Starwood Hotels & Resorts,Development Company,1,"3225 Aviation Avenue, Suite 500, Coconut Grove, FL 33133",developers-starwood-hotels-resorts
Sterling Equities,Development Company,1,"111 Great Neck Road, Great Neck, NY 11021",developers-sterling-equities
Steward-Skinner Associates,Architecture Firm,1,,developers-steward-skinner-associates
Strategic Properties,Development Partner,1,,developers-strategic-properties
Studio Sofield,Architecture Firm,1,"65 bleecker St, New York, NY 10012",developers-studio-sofield
Studio Urquiola,Interior Design Firm,1,"Via Bartolomeo Eustachi 45, Milan, Italy, 20129",developers-studio-urquiola
Sunvest Resort Communities,Development Company,1,,developers-sunvest-resort-communities
SWA Group,Landscape Design Firm,1,"2200 Bridgeway, Sausalito, CA 94965",developers-swa-group
Sydell Group,Development Company,1,"30 West 26th Street, 12th Floor, New York, NY 10010",developers-sydell-group
The Architects Group,Architecture Firm,1,"8000 NW 7th St, Ste 101, Miami, FL 33126",developers-the-architects-group
The Baupost Group,Development Partner,1,"10 Saint James Avenue, Suite 1700, Boston, MA 02116",developers-the-baupost-group
The Cloud One Hotels,Brand Partner,1,"133 Greenwich St., New York, New York 10006",developers-the-cloud-one-hotels
The DevStar Group,Development Company,1,,developers-the-devstar-group
The Horizon Group,Development Company,1,"53 Broadway, Brooklyn, NY 11249",developers-the-horizon-group
The Intrepid Real Estate Company,Development Company,1,"365 Citrus Tower Blvd., Suite 102, Clermont, Florida 34711",developers-the-intrepid-real-estate-company
The John Buck Company,Development Company,1,"33 N LaSalle St, Suite 1010, Chicago, Illinois 60602",developers-the-john-buck-company
The Plaza Group,Development Company,1,,developers-the-plaza-group
The Standard In-House Design Studio,Interior Design Firm,1,,developers-the-standard-in-house-design-studio
"Thom Filicia, Inc.",Interior Design Firm,1,"200 Lexington Avenue, Suite 815, New York, NY 10016",developers-thom-filicia-inc
Threshold,Landscape Design Firm,1,"14 NE 1st Ave, Miami, FL 33132",developers-threshold
Tricap,Development Company,1,"667 Madison Avenue, Floor 5, New York, NY 10065",developers-tricap
Trinity Southern,Development Company,1,"2901 Indian Creek Dr., Miami Beach, FL 33140",developers-trinity-southern
Tristan Auer,Interior Design Firm,1,"1 rue Ambroise Thomas, 75009, Paris, France",developers-tristan-auer
Tross Group,Development Company,1,,developers-tross-group
Troy Dean Interiors,Interior Design Firm,1,"23 NW 8th Avenue, Hallandale Beach, FL 330099",developers-troy-dean-interiors
ULU Studio,Landscape Design Firm,1,"1688 Meridian Ave, Suite 6000, Miami Beach, FL 33139",developers-ulu-studio
United Design Partnership,Interior Design Firm,1,"200 Tower Bridge Rd, London SE1 2UN, United Kingdom",developers-united-design-partnership
Urban Network Capital Group,Development Company,1,"150 Alhambra Circle, Suite 105, Coral Gables, FL 33134",developers-urban-network-capital-group
Urbana Holdings,Development Company,1,"3350 Riverwood Parkway, Suite 2140, Atlanta, Georgia 30339",developers-urbana-holdings
Urbano Bueno,Development Company,1,"5050 Biscayne Blvd, Florida 33137",developers-urbano-bueno
V Starr,Interior Design Firm,1,"1655 Palm Beach Lakes Blvd, Ste. 200, West Palm Beach, FL 33401",developers-v-starr
VDA Origin,Development Company,1,"1170 Kane Concourse, Ste 101, Bay Harbor Islands, FL 33154",developers-vda-origin
Vitrium Capital,Development Company,1,"7519 Avenida Italia, Of. 504, Montevideo, 11500, Uruguay",developers-vitrium-capital
Waldorf Astoria,Brand Partner,1,"7930 Jones Branch Drive, McLean, Virginia 22102",developers-waldorf-astoria
Wave Group Development,Development Company,1,"1680 Michigan Ave, Suite 910, Miami Beach, Florida 33139",developers-wave-group-development
West 8,Landscape Design Firm,1,"Nico Koomanskade 1021, 3072 LM Rotterdam, Netherlands",developers-west-8
Whale & Star Wynwood Owner LLC,Development Company,1,,developers-whale-star-wynwood-owner-llc
WHLC Architecture,Architecture Firm,1,"1744 Oakdale Dr, Baton Rouge, LA 70810",developers-whlc-architecture
William Dorsky Associates,Architecture Firm,1,"6105 Parkland Boulevard, Suite 130, Cleveland, Ohio 44124",developers-william-dorsky-associates
Witkin Hults + Partners,Landscape Design Firm,1,"307 South 21st Avenue Hollywood, Florida 33020",developers-witkin-hults-partners
Wolfberg Alvarez and Partners,Architecture Firm,1,"5757 Waterford District Drive, STE 300. Miami, FL 33126",developers-wolfberg-alvarez-and-partners
Woods Bagot,Interior Design Firm,1,"498 Little Collins Street, Mezzanine, Melbourne, Victoria 3000, Australia",developers-woods-bagot
Worldinvest Joint Venture,Development Company,1,,developers-worldinvest-joint-venture
Ytech,Development Company,1,"1200 Brickell Avenue, Suite 1720, Miami, FL 33131",developers-ytech
Zambala Luxury Apartments,Development Company,1,"Via Brembo, 29, Milan, Italy, 20139",developers-zambala-luxury-apartments
Zarifi Design,Interior Design Firm,1,"103 Beacon St., no. 6&7, Boston, MA 02116",developers-zarifi-design
Aman Group,Development Company,,,developers-aman-group
Auberge Collection,Development Company,,,developers-auberge-collection
Brown Harris Stevens,Development Company,,,developers-brown-harris-stevens
Cervera Real Estate,Development Company,,,developers-cervera-real-estate
Coastal Construction,Development Company,,,developers-coastal-construction
Corcoran Sunshine Marketing Group,Development Company,,,developers-corcoran-sunshine-marketing-group
Dezer Platinum Realty,Development Company,,,developers-dezer-platinum-realty
Douglas Elliman,Development Company,,,developers-douglas-elliman
Falcone Group,Development Company,,,developers-falcone-group
Florida Construction & Engineering,Development Company,,,developers-florida-construction-engineering
Fortune International Realty,Development Company,,,developers-fortune-international-realty
Four West Developers,Development Company,,,developers-four-west-developers
Habitat Realty Group,Development Company,,,developers-habitat-realty-group
Ignazio and Maggio Cipriani,Development Company,,,developers-ignazio-and-maggio-cipriani
ISG World,Development Company,,,developers-isg-world
John Moriarty & Associates,Development Company,,,developers-john-moriarty-associates
Kadima,Development Company,,,developers-kadima
Kast Construction,Development Company,,,developers-kast-construction
Kaufaman Lynn Construction,Development Company,,,developers-kaufaman-lynn-construction
Kengo Kuma & Associates,Development Company,,,developers-kengo-kuma-associates
Leviev Boymelgreen,Development Company,,,developers-leviev-boymelgreen
Location3 International,Development Company,,,developers-location3-international
Luxe Living Realty,Development Company,,,developers-luxe-living-realty
Marriott International,Development Company,,,developers-marriott-international
Mauricio Del Valle Design,Development Company,,,developers-mauricio-del-valle-design
Miami Worldcenter Associates,Development Company,,,developers-miami-worldcenter-associates
Mondrian,Development Company,,,developers-mondrian
Motel One Group,Development Company,,,developers-motel-one-group
Mr. C,Development Company,,,developers-mr-c
Nievera Williams Landscape Architecture,Development Company,,,developers-nievera-williams-landscape-architecture
One Sotheby's International Realty,Development Company,,,developers-one-sotheby-s-international-realty
One World Properties,Development Company,,,developers-one-world-properties
PGutman LLC,Development Company,,,developers-pgutman-llc
PMG Residential,Development Company,,,developers-pmg-residential
Proper,Development Company,,,developers-proper
Romagnole Investment Properties,Development Company,,,developers-romagnole-investment-properties
Row 01,Development Company,,,developers-row-01
Serhant.,Development Company,,,developers-serhant
SKLARchitecture,Development Company,,,developers-sklarchitecture
Stiles Construction,Development Company,,,developers-stiles-construction
The Agency Real Estate,Development Company,,,developers-the-agency-real-estate
The Inside Network,Development Company,,,developers-the-inside-network
The Peebles Corporation,Development Company,,,developers-the-peebles-corporation
Thornton Construction,Development Company,,,developers-thornton-construction
Torre Construction & Development,Development Company,,,developers-torre-construction-development
