form_template,purpose,source_authority,host_or_link,status
Estoppel Certificate Request,Buyer/closing — request assn financial standing,FL Stat. 718.116(8),Link,To source
Records Inspection Request,Owner right to inspect official records,FL Stat. 718.111(12),Template,Draft
SIRS / Milestone summary explainer,Explain reserve study + milestone to buyers,SB 4-D / 718.112,Host,Draft
Condo Association Dispute — pre-arbitration,Condominium owner-association dispute intake,DBPR 61B / Ch.718,Template,To source
Condo Questionnaire (lender),Financing — HOA completes for loan review,Fannie/Freddie form 1076/476,Link,To source
FHA condo project certification,Building seeks/retains FHA approval,HUD HRAP,Link,To source
Turnover / developer handover checklist,New building association turnover,FL Stat. 718.301,Template,Draft
Special Assessment notice template,Board → owners assessment notice,FL Stat. 718.112,Template,Draft
NOTE: seed catalog — expand with the specific forms/PDFs you've collected across threads.,,,,
