name,role,company,title,current_projects,past_projects,website_linkedin,profile_depth,url_slug
Adam Neumann,Developer,Flow,Founder,Flow House,,,Full card,people-adam-neumann
Adriana Hoyos,Interior Designer,Adriana Hoyos Design Studio,"Founder, Creative Director, Principal",7200 Collins; Edge House; Melia Residences Miami; Shoma Bay; Square Hallandale; The Avenue Coral Gables; Vista Harbor Residences & Yacht Club,Smart Brickell,adrianahoyosdesignstudio.com/studio,Full card,people-adriana-hoyos
Alan Ojeda,Developer,Rilea Group,,,,,Role+company,people-alan-ojeda
Alex Karakhanian,,,,,,,Name only,people-alex-karakhanian
Alex Sapir,Developer,Sapir Corp LTD,,,,,Role+company,people-alex-sapir
Alex Troyanovsky,Broker,Dezer Platinum Realty,,,,,Role+company,people-alex-troyanovsky
Alex Witkoff,Developer,Witkoff,,,,,Role+company,people-alex-witkoff
Alfredo Lowenstein,Developer,Lionstone Development,,,,,Role+company,people-alfredo-lowenstein
Alicia Cervera,Broker,Cervera Real Estate,,,,,Role+company,people-alicia-cervera
Alicia Cervera Lamadrid,Broker,Cervera Real Estate,,,,,Role+company,people-alicia-cervera-lamadrid
Alison Antrobus,Interior Designer,Antrobus + Ramirez,,,,,Role+company,people-alison-antrobus
Amancio Ortega,Developer,Pontegadea Group,,,,,Role+company,people-amancio-ortega
Andres Arcila,,,,,,,Name only,people-andres-arcila
Antonio Citterio,Interior Designer,ACPV Architects,,,,,Role+company,people-antonio-citterio
Art Falcone,Developer,Falcone Group,,,,,Role+company,people-art-falcone
Arturo Vidal,Developer,North Development,"Founder, Partner, VP of Finance",Domus Brickell Center; Domus Brickell Park; House of Wellness,,linkedin.com/in/arturovidal,Full card,people-arturo-vidal
Bekir Okan,Developer,Okan Group,,,,,Role+company,people-bekir-okan
Bernard Zyscovich,Architect,Zyscovich Architects,,,,,Role+company,people-bernard-zyscovich
Bernardo Fort-Brescia,Architect,Arquitectonica,,,,,Role+company,people-bernardo-fort-brescia
Bess Freedman,Broker,Brown Harris Stevens,,,,,Role+company,people-bess-freedman
Bragina Oksana,,,,,,,Name only,people-bragina-oksana
Bryan O'Sullivan,Interior Designer,Bryan O'Sullivan Studio,,,,,Role+company,people-bryan-o-sullivan
"Camilo Miguel, Jr.",Developer,Mast Capital,,,,,Role+company,people-camilo-miguel-jr
Carla Guilhem,Interior Designer,Carla Guilhem Design,,,,,Role+company,people-carla-guilhem
Carlos Ferreira de Melo,Developer,The Melo Group,,,,,Role+company,people-carlos-ferreira-de-melo
Carlos Ott,Architect,Carlos Ott Architects,,,,,Role+company,people-carlos-ott
Carlos Rosso,Developer,Rosso Development,,,,,Role+company,people-carlos-rosso
Carlos Zapata,Architect,Carlos Zapata Studio,,,,,Role+company,people-carlos-zapata
Cesar Paniagua,,,,,,,Name only,people-cesar-paniagua
Charles Allem,Interior Designer,CAD International,,,,,Role+company,people-charles-allem
Charles M. Sieger,Architect,Sieger Suarez Architects,,,,,Role+company,people-charles-m-sieger
Chris Long,,,,,,,Name only,people-chris-long
Christopher Cawley,Landscape Architect,Christopher Cawley Landscape Architecture,,,,,Role+company,people-christopher-cawley
Clarissa Richardson,,,,,,,Name only,people-clarissa-richardson
César Pelli,Architect,Pelli Clarke & Partners,,,,,Role+company,people-c-sar-pelli
Dan Kaplan,Architect,Kohn Pedersen Fox Associates,,,,,Role+company,people-dan-kaplan
Daniel Kodsi,Developer,Royal Palm Companies,,,,,Role+company,people-daniel-kodsi
David Chipperfield,Architect,David Chipperfield Architects,,,,,Role+company,people-david-chipperfield
David Rockwell,Interior Designer,Rockwell Group,,,,,Role+company,people-david-rockwell
Debora Aguiar,Interior Designer,Debora Aguiar Arquitetos,,,,,Role+company,people-debora-aguiar
Diego Ardid,Developer,Key International,,,,,Role+company,people-diego-ardid
Diego Lowenstein,Developer,Lionstone Development,,,,,Role+company,people-diego-lowenstein
Diego Ojeda,Developer,Rilea Group,,,,,Role+company,people-diego-ojeda
"Don Peebles, Jr.",Developer,Peebles Corporation,,,,,Role+company,people-don-peebles-jr
"Donahue Peebles, III",Developer,Peebles Corporation,,,,,Role+company,people-donahue-peebles-iii
Dora Puig,Broker,Luxe Living Realty,,,,,Role+company,people-dora-puig
Edgardo Defortuna,Developer,Fortune International Group,,,,,Role+company,people-edgardo-defortuna
Eduardo F. Costantini,Developer,Consultatio Real Estate,,,,,Role+company,people-eduardo-f-costantini
Eduardo Vargas,,,,,,,Name only,people-eduardo-vargas
Enrique Norten,Architect,TEN Arquitectos,,,,,Role+company,people-enrique-norten
Enzo Enea,Landscape Architect,Enea Landscape Architecture,,,,,Role+company,people-enzo-enea
Fernando de Nunez y Lugones,Developer,Vertical Developments,,,,,Role+company,people-fernando-de-nunez-y-lugones
Fernando Wong,Landscape Architect,Fernando Wong Outdoor Living Design,,,,,Role+company,people-fernando-wong
Funda Durukan,,,,,,,Name only,people-funda-durukan
Gary Barnett,Developer,Extell Development,,,,,Role+company,people-gary-barnett
Gary Handel,Architect,Handel Architects,,,,,Role+company,people-gary-handel
George Yabu,Interior Designer,Yabu Pushelberg,,,,,Role+company,people-george-yabu
German Coto,,,,,,,Name only,people-german-coto
Gil Dezer,Developer,Dezer Development,,,,,Role+company,people-gil-dezer
Giovanni Fasciano,Developer,Fasciano Investments,,,,,Role+company,people-giovanni-fasciano
Glenn Pushelberg,Interior Designer,Yabu Pushelberg,,,,,Role+company,people-glenn-pushelberg
Gregg Covin,,,,,,,Name only,people-gregg-covin
Harvey Hernandez,Developer,Newgard Development Group,,,,,Role+company,people-harvey-hernandez
Heidar Sadeki,,,,,,,Name only,people-heidar-sadeki
Henry Pino,,,,,,,Name only,people-henry-pino
Herbert Lester Martin,Landscape Architect,H.L. Martin Landscape Architect,,,,,Role+company,people-herbert-lester-martin
Hussain Sajwani,Developer,DAMAC International,,,,,Role+company,people-hussain-sajwani
Ian Bruce Eichner,,,,,,,Name only,people-ian-bruce-eichner
Ifhat Benayoun Fishman,Architect,Frankel Benayoun Architects,,,,,Role+company,people-ifhat-benayoun-fishman
Ignazio Cipriani,,,,,,,Name only,people-ignazio-cipriani
Igor Michin,,,,,,,Name only,people-igor-michin
Inigo Ardid,,,,,,,Name only,people-inigo-ardid
Isaac Toledano,Developer,BH Group,,,,,Role+company,people-isaac-toledano
Janice Clausen,,,,,,,Name only,people-janice-clausen
Jean-Georges Vongerichten,Chef,Jean-Georges Management,,,,,Role+company,people-jean-georges-vongerichten
Jean-Louis Deniot,Interior Designer,Jean-Louis Deniot SAS,,,,,Role+company,people-jean-louis-deniot
Jennifer McConney,,,,,,,Name only,people-jennifer-mcconney
John Cunningham,,,,,,,Name only,people-john-cunningham
Jon Paul Pérez,,,,,,,Name only,people-jon-paul-p-rez
Jonathan Goldstein,,,,,,,Name only,people-jonathan-goldstein
Jorge M. Pérez,,,,,,,Name only,people-jorge-m-p-rez
Jorge Ruiz,,,,,,,Name only,people-jorge-ruiz
Jose Ardid,,,,,,,Name only,people-jose-ardid
"Jose Boschetti, Sr.",,,,,,,Name only,people-jose-boschetti-sr
Jose J. Suarez,Architect,Sieger Suarez Architects,,,,,Role+company,people-jose-j-suarez
Jose Luis Ferreira de Melo,,,,,,,Name only,people-jose-luis-ferreira-de-melo
"Jose R. Boschetti, Jr.",,,,,,,Name only,people-jose-r-boschetti-jr
Joseph Dirand,Interior Designer,Joseph Dirand Architecture,,,,,Role+company,people-joseph-dirand
João Armentano,,,,,,,Name only,people-jo-o-armentano
Juan Carlos Tassara,,,,,,,Name only,people-juan-carlos-tassara
Karim Rashid,Interior Designer,"Karim Rashid, Inc.",,,,,Role+company,people-karim-rashid
Karl Lagerfeld,Interior Designer,Karl Lagerfeld,,,,,Role+company,people-karl-lagerfeld
Kasim Badak,,,,,,,Name only,people-kasim-badak
Keith Hobbs,,,,,,,Name only,people-keith-hobbs
Keith Williams,Landscape Architect,Nievera Williams Landscape Architecture,,,,,Role+company,people-keith-williams
Kelly Kennedy Mack,Broker,Corcoran Sunshine Marketing Group,,,,,Role+company,people-kelly-kennedy-mack
Kengo Kuma,Architect,Kengo Kuma & Associates,,,,,Role+company,people-kengo-kuma
Kevin Maloney,Developer,Property Markets Group,,,,,Role+company,people-kevin-maloney
Kevin Venger,,,,,,,Name only,people-kevin-venger
Kimberly Sheppard,Interior Designer,Gabellini Sheppard Associates,,,,,Role+company,people-kimberly-sheppard
Kobi Karp,Architect,Kobi Karp Architecture & Interior Design,,,,,Role+company,people-kobi-karp
L. Allen Morris,,,,,,,Name only,people-l-allen-morris
Laura Gonzalez,,,,,,,Name only,people-laura-gonzalez
Laurinda H. Spear,Architect,Arquitectonica,,,,,Role+company,people-laurinda-h-spear
Len Blavatnik,Developer,Access Industries,,,,,Role+company,people-len-blavatnik
Lenny Kravitz,Interior Designer,Kravitz Design,,,,,Role+company,people-lenny-kravitz
Louis Birdman,,,,,,,Name only,people-louis-birdman
Luis Ajamil,Architect,Bermello Ajamil & Partners,,,,,Role+company,people-luis-ajamil
Luis O. Revuelta,Architect,Revuelta Architecture International,,,,,Role+company,people-luis-o-revuelta
Maggio Cipriani,,,,,,,Name only,people-maggio-cipriani
Marek Reichman,Interior Designer,Aston Martin Design Studio,,,,,Role+company,people-marek-reichman
Margarita Blanco,,,,,,,Name only,people-margarita-blanco
Mario Nievera,Landscape Architect,Nievera Williams Landscape Architecture,,,,,Role+company,people-mario-nievera
Markus Abraham Frankel,Architect,Frankel Benayoun Architects,,,,,Role+company,people-markus-abraham-frankel
Martha Schwartz,Landscape Architect,Martha Schwartz Partners,,,,,Role+company,people-martha-schwartz
Martin Bedoya,,,,,,,Name only,people-martin-bedoya
Massimo Iosa Ghini,Interior Designer,Iosa Ghini Associati,,,,,Role+company,people-massimo-iosa-ghini
Michael Baumann,,,,,,,Name only,people-michael-baumann
Michael Dezer,Developer,Dezer Development,,,,,Role+company,people-michael-dezer
Michael Gabellini,Interior Designer,Gabellini Sheppard Associates,,,,,Role+company,people-michael-gabellini
Michael I. Kaufman,,,,,,,Name only,people-michael-i-kaufman
Michael Konig,,,,,,,Name only,people-michael-konig
Michael Simkins,,,,,,,Name only,people-michael-simkins
Michele Bönan,,,,,,,Name only,people-michele-b-nan
Mikael Hamaoui,,,,,,,Name only,people-mikael-hamaoui
Miki Naftali,Developer,Naftali Group,,,,,Role+company,people-miki-naftali
Nadim Ashi,,,,,,,Name only,people-nadim-ashi
Nancy Cromar,,,,,,,Name only,people-nancy-cromar
Nicholas Pérez,,,,,,,Name only,people-nicholas-p-rez
Nina Takesh,,,,,,,Name only,people-nina-takesh
Nitin Motwani,Developer,Miami Worldcenter Associates,,,,,Role+company,people-nitin-motwani
Patricia Urquiola,Interior Designer,Studio Urquiola,,,,,Role+company,people-patricia-urquiola
Philippe Starck,Interior Designer,Starck,,,,,Role+company,people-philippe-starck
Piero Lissoni,Architect,Lissoni Associati,,,,,Role+company,people-piero-lissoni
Rafael Viñoly,Architect,Rafael Vinoly Architects,,,,,Role+company,people-rafael-vi-oly
Raymond Jungles,Landscape Architect,"Raymond Jungles, Inc.",,,,,Role+company,people-raymond-jungles
Rebecca Parekh,,,,,,,Name only,people-rebecca-parekh
Rem Koolhaas,Architect,Office for Metropolitan Architecture,,,,,Role+company,people-rem-koolhaas
Rene Gonzalez,Architect,Rene Gonzalez Architect,,,,,Role+company,people-rene-gonzalez
Rhett Roy,Landscape Architect,Rhett Roy Landscape Architecture,,,,,Role+company,people-rhett-roy
Ricardo Dunin,,,,,,,Name only,people-ricardo-dunin
Riccardo Olivieri,,,,,,,Name only,people-riccardo-olivieri
Richard LeFrak,,,,,,,Name only,people-richard-lefrak
Richard Meier,Architect,Meier Architects,,,,,Role+company,people-richard-meier
Robert A.M. Stern,Architect,Robert A.M. Stern Architects,,,,,Role+company,people-robert-a-m-stern
Roberto Cibeira Moreiras,,,,,,,Name only,people-roberto-cibeira-moreiras
Rodolfo Miani,,,,,,,Name only,people-rodolfo-miani
Ruby Ramirez,,,,,,,Name only,people-ruby-ramirez
Russell Galbut,Developer,Crescent Heights,,,,,Role+company,people-russell-galbut
Ryan Serhant,Broker,Serhant.,,,,,Role+company,people-ryan-serhant
Ryan Shear,Developer,Property Markets Group,,,,,Role+company,people-ryan-shear
Sam Nazarian,,,,,,,Name only,people-sam-nazarian
Sam Robin,,,,,,,Name only,people-sam-robin
Sarrah Hallock,,,,,,,Name only,people-sarrah-hallock
Shahab S. Karmely,,,,,,,Name only,people-shahab-s-karmely
Shohei Shigematsu,Architect,Office for Metropolitan Architecture,,,,,Role+company,people-shohei-shigematsu
Stephane L'Ecuyer,,,,,,,Name only,people-stephane-l-ecuyer
Steve Witkoff,Developer,Witkoff,,,,,Role+company,people-steve-witkoff
Steven Gurowitz,Interior Designer,Interiors by Steven G,,,,,Role+company,people-steven-gurowitz
Teddy Sagi,Developer,Kadima,,,,,Role+company,people-teddy-sagi
Thom Filicia,Interior Designer,"Thom Filicia, Inc.",,,,,Role+company,people-thom-filicia
Tristan Auer,Interior Designer,Tristan Auer,,,,,Role+company,people-tristan-auer
Ugo Colombo,Developer,CMC Group,,,,,Role+company,people-ugo-colombo
Venny Torre,,,,,,,Name only,people-venny-torre
Vicky Charles,Interior Designer,Charles & Co,,,,,Role+company,people-vicky-charles
Victor Arce,,,,,,,Name only,people-victor-arce
Vlad Doronin,Developer,OKO Group,,,,,Role+company,people-vlad-doronin
W. Allen Morris,Developer,Allen Morris Company,,,,,Role+company,people-w-allen-morris
W.A. Spencer Morris,,,,,,,Name only,people-w-a-spencer-morris
Walter Taft Bradshaw,,,,,,,Name only,people-walter-taft-bradshaw
Willy A. Bermello,Architect,Bermello Ajamil & Partners,,,,,Role+company,people-willy-a-bermello
Yves Béhar,,,,,,,Name only,people-yves-b-har
Zaha Hadid,Architect,Zaha Hadid Architects,,,,,Role+company,people-zaha-hadid
Özlem Önal,,,,,,,Name only,people-zlem-nal
