project,neighborhood,status,sold_out,str_allowed,str_detail,price_from,bedrooms,commission,delivery,delivery_year,architect,lead_developer,url_slug,developer_page_slug
14ROC Miami,A+E District,Under Construction,No,Yes,Yes/Airbnb,648900,Studio to 2 Bedrooms,0.06,Q4 2027,2027,RSP Architects,GFO Investments,preconstruction-a-e-district-14roc-miami,developers-gfo-investments
2200 Brickell,Brickell,Topped Off,No,No,No,648900,1 to 4 Bedrooms,0.06,Q3 2026,2026,Revuelta Architecture International,Aria Development Group,preconstruction-brickell-2200-brickell,developers-aria-development-group
38 West Eleventh,Park West,Under Construction,No,Yes,Yes/Airbnb,,Studio to 1 Bedroom,0.06,Q1 2028,2028,Sieger Suarez Architects,Property Markets Group,preconstruction-park-west-38-west-eleventh,developers-property-markets-group
600 Miami Worldcenter,Park West,Topped Off,Yes,Yes,Yes/Airbnb,,Studio to 2 Bedrooms,,Q3 2026,2026,Revuelta Architecture International,Aria Development Group,preconstruction-park-west-600-miami-worldcenter,developers-aria-development-group
619 Brickell,Brickell,Reservations,No,No,No,,1 Bedroom + Den to 4 Bedrooms,0.06,2030,2030,Foster + Partners,13th Floor Investments,preconstruction-brickell-619-brickell,developers-13th-floor-investments
72 Carlyle,Miami Beach,In Contract,No,No,No,,1 to 3 Bedrooms,,Q4 2028,2028,Lissoni Associati,Lefferts,preconstruction-miami-beach-72-carlyle,developers-lefferts
7200 Collins,Miami Beach,Under Construction,No,Yes,Yes/Airbnb,,Junior 1 Bedroom to 2 Bedrooms,0.06,Q4 2027,2027,Revuelta Architecture International,Northlink Capital,preconstruction-miami-beach-7200-collins,developers-northlink-capital
888 Brickell by Dolce & Gabbana,Brickell,Halted,No,Yes,Yes,,1 to 4 Bedrooms,,,,Studio Sofield,JDS Development Group,preconstruction-brickell-888-brickell-by-dolce-gabbana,developers-jds-development-group
9900 West,Bay Harbor Islands,Topped Off,No,No,No,,2 to 4 Bedrooms,0.06,Q4 2026,2026,Frankel Benayoun Architects,The Horizon Group,preconstruction-bay-harbor-islands-9900-west,developers-the-horizon-group
Alhambra Parc,Coral Gables,In Contract,No,No,No,,1 to 3 Bedrooms,0.05,Q1 2029,2029,Bellin Pratt & Fuentes Architects,MG Developer,preconstruction-coral-gables-alhambra-parc,developers-mg-developer
Aman Miami Beach Residences,Miami Beach,Under Construction,No,No,No,,1 to 3 Bedrooms,,2027,2027,Kengo Kuma,OKO Group,preconstruction-miami-beach-aman-miami-beach-residences,developers-oko-group
Anantara Residences Miami,Edgewater,In Contract,No,Varies,Varies,,1 to 6 Bedrooms,0.06,2031,2031,Kohn Pedersen Fox Associates,One Thousand Group,preconstruction-edgewater-anantara-residences-miami,developers-one-thousand-group
Arbor,Coconut Grove,New Construction,No,No,No,,2 to 4 Bedrooms,0.03,2026,2026,Behar Font & Partners,Ark Capital Group,preconstruction-coconut-grove-arbor,developers-ark-capital-group
Aria Reserve North,Edgewater,Topped Off,No,No,No,,1 to 4 Bedrooms,0.06,Q2 2026,2026,Arquitectonica,The Melo Group,preconstruction-edgewater-aria-reserve-north,developers-the-melo-group
Aria Reserve Skyclub,Edgewater,Planning,No,Unknown,,,,,,,,The Melo Group,preconstruction-edgewater-aria-reserve-skyclub,developers-the-melo-group
Atelier Residences Miami,Brickell,In Contract,No,Yes,Yes/Building Prog.,,Studio to 1 Bedroom (3BR Townhomes Available),0.06,Q4 2027,2027,Gensler,BLDG Ventures LLC,preconstruction-brickell-atelier-residences-miami,developers-bldg-ventures-llc
Avenia,Aventura,In Contract,No,No,No,,3 to 4 Bedrooms,0.05,Q4 2028,2028,Kobi Karp Architecture & Interior Design,Vertical Developments,preconstruction-aventura-avenia,developers-vertical-developments
Baccarat Residences,Brickell,Under Construction,No,No,No,,1 to 4 Bedrooms (5BR Upper PH Available),0.06,Q1 2028,2028,Arquitectonica,Related Group,preconstruction-brickell-baccarat-residences,developers-related-group
Bay Harbor Towers,Bay Harbor Islands,Topped Off,No,No,No,,2 to 4 Bedrooms,0.06,Q4 2026,2026,Kobi Karp Architecture & Interior Design,PPG Development,preconstruction-bay-harbor-islands-bay-harbor-towers,developers-ppg-development
Bay Villas,Bay Harbor Islands,In Contract,No,No,No,,3 to 4 Bedrooms,0.05,2028,2028,Kobi Karp Architecture & Interior Design,Regency Development Group,preconstruction-bay-harbor-islands-bay-villas,developers-regency-development-group
Bentley Residences,Sunny Isles Beach,Under Construction,No,No,No,,3 Bedrooms,0.05,Q3 2028,2028,Sieger Suarez Architects,Dezer Development,preconstruction-sunny-isles-beach-bentley-residences,developers-dezer-development
Casa Bella,A+E District,Topped Off,No,No,No,,1 to 4 Bedrooms (5BR Upper PH Available),0.07,Q3 2026,2026,Arquitectonica,Related Group,preconstruction-a-e-district-casa-bella,developers-related-group
Casa Cipriani,Miami Beach,Planning,No,Unknown,,,,,,,,,preconstruction-miami-beach-casa-cipriani,developers
Cassia The Residences at Coral Gables,Coral Gables,Topped Off,No,Yes,Yes/Airbnb & Building Prog.,,1 to 3 Bedrooms,0.06,Q1 2027,2027,Behar Font & Partners,Alta Developers,preconstruction-coral-gables-cassia-the-residences-at-coral-gables,developers-alta-developers
Centralis Residences,Health District,Condo Conversion,No,No,No,,1 to 3 Bedrooms,0.06,Q4 2025,2025,Behar Font & Partners,Gamla Cedron Group,preconstruction-health-district-centralis-residences,developers-gamla-cedron-group
Cipriani Residences,Brickell,Under Construction,No,No,No,,1 to 4 Bedrooms (5BR PH Available),0.06,Q4 2027,2027,Arquitectonica,Mast Capital,preconstruction-brickell-cipriani-residences,developers-mast-capital
Colette Residences,Brickell,In Contract,No,No,No,,2 to 4 Bedrooms,0.05,Q4 2028,2028,OSPA,META Development,preconstruction-brickell-colette-residences,developers-meta-development
Continuum 12000 Sport & Wellness Waterfront Residences,North Miami,In Contract,No,No,No,,1 to 3 Bedrooms,0.06,2030,2030,Kobi Karp Architecture & Interior Design,Continuum Company,preconstruction-north-miami-continuum-12000-sport-wellness-waterfront-residences,developers-continuum-company
Continuum Club & Residences,North Bay Village,Under Construction,No,No,No,,1 to 4 Bedrooms,0.06,Q2 2028,2028,Arquitectonica,Continuum Company,preconstruction-north-bay-village-continuum-club-residences,developers-continuum-company
CORA,Coral Gables,Under Construction,No,No,No,,1 to 3 Bedrooms,0.06,Q1 2028,2028,Arquitectonica,The Boschetti Group,preconstruction-coral-gables-cora,developers-the-boschetti-group
Delano Residences Miami,Downtown Miami,In Contract,No,Varies,Varies,,Studio to 3 Bedrooms,0.06,2031,2031,Carlos Ott Architects,Property Markets Group,preconstruction-downtown-miami-delano-residences-miami,developers-property-markets-group
Domus Brickell Center,Brickell,Under Construction,No,Yes,Yes/Airbnb & Building Prog.,,Studio to 2 Bedrooms,0.06,2028,2028,Studio Mc+G Architecture,North Development,preconstruction-brickell-domus-brickell-center,developers-north-development
Domus Brickell Park,Brickell,New Construction,No,Yes,Yes,,Studios to 2 Bedrooms,0.06,,,Zyscovich Architects,North Development,preconstruction-brickell-domus-brickell-park,developers-north-development
DUOS Wynwood,Wynwood,In Contract,No,Yes,Yes/Airbnb & Building Prog.,,Studio to 2 Bedrooms,0.06,2028,2028,MKDA,Wave Group Development,preconstruction-wynwood-duos-wynwood,developers-wave-group-development
E11EVEN Hotel & Residences,Park West,New Construction,No,No,No,,Studios to 2 Bedrooms,,,,Sieger Suarez Architects,Property Markets Group,preconstruction-park-west-e11even-hotel-residences,developers-property-markets-group
E11EVEN Beyond,Park West,Topped Off,Yes,No,No,,Studio to 2 Bedrooms,0.06,Q2 2027,2027,Sieger Suarez Architects,Property Markets Group,preconstruction-park-west-e11even-beyond,developers-property-markets-group
Edge House,Edgewater,Under Construction,No,Yes,Yes/Airbnb & Building Prog.,,Studio to 3 Bedrooms,0.07,Q4 2028,2028,Kobi Karp Architecture & Interior Design,Grupo T&C,preconstruction-edgewater-edge-house,developers-grupo-t-c
EDITION Residences Miami Edgewater,Edgewater,Halted,No,No,No,,1 to 4 Bedrooms,,,,Arquitectonica,Two Roads Development,preconstruction-edgewater-edition-residences-miami-edgewater,developers-two-roads-development
ELLA Miami Beach,Miami Beach,Topped Off,No,Yes,Yes/Airbnb & Building Prog.,,Studio to 2 Bedrooms,0.06,Q2 2027,2027,Arquitectonica,The Boschetti Group,preconstruction-miami-beach-ella-miami-beach,developers-the-boschetti-group
ELLE Residences Miami,Edgewater,In Contract,No,Yes,Yes/Airbnb & Building Prog.,,1 to 2 Bedrooms,0.06,Q3 2028,2028,Behar Font & Partners,Vertical Developments,preconstruction-edgewater-elle-residences-miami,developers-vertical-developments
Faena Residences Miami,Miami River,In Contract,No,No,No,,1 to 4 Bedrooms,0.05,Q4 2029,2029,Rafael Vinoly Architects,Fortune International Group,preconstruction-miami-river-faena-residences-miami,developers-fortune-international-group
Flow House,Park West,New Construction,No,No,No,,Studio to 2 Bedrooms,,,,CFE Architects,Flow,preconstruction-park-west-flow-house,developers-flow
Fouquet's Hotel & Residences,Miami Design District,In Contract,No,No,No,,1 to 4 Bedrooms,0.06,2030,2030,David Chipperfield Architects,Fort Partners,preconstruction-miami-design-district-fouquet-s-hotel-residences,developers-fort-partners
Four Seasons Residences Coconut Grove,Coconut Grove,Under Construction,No,No,No,,2 to 4 Bedrooms,0.04,Q3 2028,2028,Revuelta Architecture International,CMC Group,preconstruction-coconut-grove-four-seasons-residences-coconut-grove,developers-cmc-group
Frida Kahlo Wynwood Residences,Wynwood,In Contract,No,Yes,Yes/Airbnb,,Studio to 3 Bedrooms,0.065,2029,2029,Carlos Ott Architects,Property Markets Group,preconstruction-wynwood-frida-kahlo-wynwood-residences,developers-property-markets-group
House of Wellness,Brickell,In Contract,No,Yes,Yes/Building Prog. & Airbnb,,Studio to 2 Bedrooms,0.06,2029,2029,Studio Mc+G Architecture,North Development,preconstruction-brickell-house-of-wellness,developers-north-development
HQ Residences Miami,Edgewater,Reservations,No,No,No,,1 to 3 Bedrooms,0.06,2029,2029,Arquitectonica,The Boschetti Group,preconstruction-edgewater-hq-residences-miami,developers-the-boschetti-group
HUB Miami,Downtown Miami,Halted,No,Yes,Yes,,Studio to 2 Bedrooms,,,,ODP Architecture & Design,The John Buck Company,preconstruction-downtown-miami-hub-miami,developers-the-john-buck-company
Indian Creek Residences & Yacht Club,Bay Harbor Islands,Topped Off,Yes,Unknown,,,3 to 5 Bedrooms,,Q3 2026,2026,Kobi Karp Architecture & Interior Design,Landau Properties,preconstruction-bay-harbor-islands-indian-creek-residences-yacht-club,developers-landau-properties
Jean-Georges Miami Tropic Residences,Midtown Miami,In Contract,No,No,No,,1 to 4 Bedrooms,0.06,Q1 2029,2029,Arquitectonica,Terra,preconstruction-midtown-miami-jean-georges-miami-tropic-residences,developers-terra
JEM Private Residences,Park West,Under Construction,No,No,No,,Studio to 3 Bedrooms (4BR Sky Villas Available),0.06,Q4 2027,2027,Arquitectonica,Naftali Group,preconstruction-park-west-jem-private-residences,developers-naftali-group
Kempinski Residences North,Miami Design District,Reservations,No,No,No,,2 to 4 Bedrooms,0.06,Q4 2029,2029,Arquitectonica,DaGrosa Capital Partners,preconstruction-miami-design-district-kempinski-residences-north,developers-dagrosa-capital-partners
Kempinski Residences South,Miami Design District,Reservations,No,No,No,,2 to 4 Bedrooms,0.06,Q4 2029,2029,Arquitectonica,DaGrosa Capital Partners,preconstruction-miami-design-district-kempinski-residences-south,developers-dagrosa-capital-partners
La Baia North,Bay Harbor Islands,Topped Off,No,No,No,,2 to 4 Bedrooms,0.06,Q1 2027,2027,Revuelta Architecture International,Continuum Company,preconstruction-bay-harbor-islands-la-baia-north,developers-continuum-company
La Mare Bay Collection,Bay Harbor Islands,Under Construction,No,No,No,,3 to 4 Bedroom,0.05,Q4 2028,2028,Kobi Karp Architecture & Interior Design,Regency Development Group,preconstruction-bay-harbor-islands-la-mare-bay-collection,developers-regency-development-group
La Mare Regency,Bay Harbor Islands,Topped Off,No,Unknown,,,2 to 4 Bedrooms,0.05,Q1 2027,2027,Kobi Karp Architecture & Interior Design,Regency Development Group,preconstruction-bay-harbor-islands-la-mare-regency,developers-regency-development-group
La Mare Signature,Bay Harbor Islands,Topped Off,No,No,No,,3 to 4 Bedrooms,0.06,Q4 2026,2026,Kobi Karp Architecture & Interior Design,Regency Development Group,preconstruction-bay-harbor-islands-la-mare-signature,developers-regency-development-group
Legacy at Miami Worldcenter,Park West,Halted,No,Yes,Yes,,Studio to 2 Bedrooms,,,,Kobi Karp Architecture & Interior Design,Royal Palm Companies,preconstruction-park-west-legacy-at-miami-worldcenter,developers-royal-palm-companies
LILLI Miami Edgewater,Edgewater,Reservations,No,No,No,,1 to 4 Bedrooms,0.06,2030,2030,Adrian Smith + Gordon Gill Architecture,OKO Group,preconstruction-edgewater-lilli-miami-edgewater,developers-oko-group
LOFTY Brickell,Brickell,Topped Off,No,Yes,Yes/Airbnb & Building Prog.,,Studio to 2 Bedrooms (3BR + Den PH Available),0.07,2027,2027,Arquitectonica,Newgard Development Group,preconstruction-brickell-lofty-brickell,developers-newgard-development-group
Melia Residences Miami,Brickell,Topped Off,No,Yes,Yes/Hotel Prog.,,Studio to 1 Bedroom,0.07,2027,2027,DTI Architects,Urban Network Capital Group,preconstruction-brickell-melia-residences-miami,developers-urban-network-capital-group
Mercedes-Benz Places Miami,Brickell,Halted,No,No,No,,Studio to 3 Bedrooms,0.06,2028,2028,SHoP Architects,JDS Development Group,preconstruction-brickell-mercedes-benz-places-miami,developers-jds-development-group
Midtown Park Residences,Midtown Miami,In Contract,No,Unknown,,,Studio to 3 Bedrooms (Up to 5BR + Den PH Available),0.06,2028,2028,Arquitectonica,Rosso Development,preconstruction-midtown-miami-midtown-park-residences,developers-rosso-development
Millux Place Residences at Brickell,Brickell,Under Construction,No,Yes,Yes/Building Prog.,,Studio to 3 Bedrooms,0.06,Q4 2027,2027,Kobi Karp Architecture & Interior Design,Habitat Group,preconstruction-brickell-millux-place-residences-at-brickell,developers-habitat-group
Nexo Residences North Miami Beach,North Miami Beach,Topped Off,No,Yes,Yes/Airbnb,,Studio to 3 Bedrooms (3-4BR Townhomes Available),,2026,2026,Carlos Ott Architects,Blue Road,preconstruction-north-miami-beach-nexo-residences-north-miami-beach,developers-blue-road
NoBe Parc,Miami Beach,In Contract,No,Yes,Yes/Airbnb & Building Prog.,,Studio to 2 Bedrooms,0.06,Q1 2029,2029,Arquitectonica,Robert Finvarb Companies,preconstruction-miami-beach-nobe-parc,developers-robert-finvarb-companies
NoMad Wynwood,Wynwood,New Construction,No,Yes,Yes,,Studio to 2 Bedrooms,,,,Arquitectonica,Related Group,preconstruction-wynwood-nomad-wynwood,developers-related-group
Ocean House Surfside,Surfside,Under Construction,No,No,No,,2 to 5 Bedrooms,0.05,Q3 2027,2027,Arquitectonica,Multiplan Real Estate Asset Management,preconstruction-surfside-ocean-house-surfside,developers-multiplan-real-estate-asset-management
Ocean Terrace Residences,Miami Beach,In Contract,No,Yes,Yes/Hotel Prog.,,3 to 4 Bedrooms,,2029,2029,Robert A.M. Stern Architects,Witkoff,preconstruction-miami-beach-ocean-terrace-residences,developers-witkoff
Okan Tower,Downtown Miami,Under Construction,No,Varies,Varies,,Studio to 3 Bedrooms + Den,0.06,2027,2027,Behar Font & Partners,Okan Group,preconstruction-downtown-miami-okan-tower,developers-okan-group
One Park Tower,North Miami,Topped Off,No,No,No,,1 to 3 Bedrooms,0.07,Q3 2026,2026,Arquitectonica,Turnberry Associates,preconstruction-north-miami-one-park-tower,developers-turnberry-associates
One Twenty Brickell Residences,Brickell,Under Construction,Yes,Yes,Yes/Airbnb,,Studio to 3 Bedrooms,0.065,Q1 2028,2028,Sieger Suarez Architects,Property Markets Group,preconstruction-brickell-one-twenty-brickell-residences,developers-property-markets-group
One Twenty Brickell Signature Residences,Brickell,In Contract,No,Yes,Yes/Airbnb,,Studio to 3 Bedrooms,0.07,Q2 2028,2028,Sieger Suarez Architects,Property Markets Group,preconstruction-brickell-one-twenty-brickell-signature-residences,developers-property-markets-group
One West Twelve Residences,Overtown,Under Construction,No,Yes,Yes,,Studio to 1 Bedroom (Standard); 1 to 3BR (Townhomes),,Q3 2028,2028,CUBE 3,Property Markets Group,preconstruction-overtown-one-west-twelve-residences,developers-property-markets-group
OPUS Coconut Grove,Coconut Grove,Under Construction,No,No,No,,3 to 4 Bedrooms,,Q1 2028,2028,Kobi Karp Architecture & Interior Design,META Development,preconstruction-coconut-grove-opus-coconut-grove,developers-meta-development
ORA by Casa Tua,Brickell,In Contract,No,Yes,Yes/Building Prog.,,Studio to 4 Bedrooms,0.06,Q4 2030,2030,Arquitectonica,Fortune International Group,preconstruction-brickell-ora-by-casa-tua,developers-fortune-international-group
Origin Residences,Bay Harbor Islands,Topped Off,No,Unknown,,,2 to 4 Bedrooms + Den,0.06,Q1 2027,2027,Revuelta Architecture International,VDA Origin,preconstruction-bay-harbor-islands-origin-residences,developers-vda-origin
Pagani Residences Miami,North Bay Village,Under Construction,No,No,No,,2 to 4 Bedrooms,0.05,2028,2028,Revuelta Architecture International,Riviera Horizons,preconstruction-north-bay-village-pagani-residences-miami,developers-riviera-horizons
Palm Tree Residences Miami,Park West,In Contract,No,Yes,Yes/Airbnb,,Junior Suites to 3 Bedrooms,0.06,Q1 2030,2030,Kobi Karp Architecture & Interior Design,Property Markets Group,preconstruction-park-west-palm-tree-residences-miami,developers-property-markets-group
Palma Miami Beach Residences,Miami Beach,Under Construction,No,Yes,Yes,,1 to 2 Bedrooms,0.06,Q4 2027,2027,Built Form,Lefferts,preconstruction-miami-beach-palma-miami-beach-residences,developers-lefferts
Parkside Residences at Brickell,Brickell,Under Construction,No,Yes,Yes/Building Prog.,,Studio to 2 Bedrooms,0.06,Q1 2027,2027,Kobi Karp Architecture & Interior Design,BI Group,preconstruction-brickell-parkside-residences-at-brickell,developers-bi-group
Ponce Park Coral Gables,Coral Gables,Under Construction,No,No,No,,2 to 5 Bedrooms,0.05,Q2 2028,2028,Zyscovich Architects,Allen Morris Company,preconstruction-coral-gables-ponce-park-coral-gables,developers-allen-morris-company
Rivage Bal Harbour,Bal Harbour,Under Construction,No,No,No,,3 to 6 Bedrooms,,Q4 2027,2027,"Skidmore, Owings & Merrill",Related Group,preconstruction-bal-harbour-rivage-bal-harbour,developers-related-group
River District 14,Health District,Topped Off,No,Yes,Yes/Airbnb,,Studio to 2 Bedrooms,,Q4 2026,2026,Behar Font & Partners,ALTA Development,preconstruction-health-district-river-district-14,developers-alta-development
Season One Brickell,Brickell,Under Construction,No,Yes,Yes,,Studio to 2 Bedrooms,,Q2 2028,2028,Kobi Karp Architecture & Interior Design,Habitat Group,preconstruction-brickell-season-one-brickell,developers-habitat-group
Seventeen Gables,Coral Gables,Under Construction,No,No,No,,1 to 3 Bedrooms,0.06,Q1 2028,2028,Asprea Studio,Ascendra Capital,preconstruction-coral-gables-seventeen-gables,developers-ascendra-capital
Shoma Bay,North Bay Village,Under Construction,No,No,No,,Studio to 3 Bedrooms (4BR Duplex PH Available),0.05,Q4 2027,2027,MSA Architects,Shoma Group,preconstruction-north-bay-village-shoma-bay,developers-shoma-group
Smart Brickell II,Brickell,Topped Off,Yes,Yes,Yes/Airbnb & Building Prog.,,,,Q2 2026,2026,HAC Architects,Habitat Group,preconstruction-brickell-smart-brickell-ii,developers-habitat-group
Smart Brickell III,Brickell,Under Construction,No,Yes,Yes/Airbnb & Building Prog.,,,,2028,2028,HAC Architects,Habitat Group,preconstruction-brickell-smart-brickell-iii,developers-habitat-group
Solina Bay Harbor,Bay Harbor Islands,Topped Off,No,Unknown,,,2 to 4 Bedrooms,,Q2 2026,2026,Carl Levin Architects + Design,RedHoek+,preconstruction-bay-harbor-islands-solina-bay-harbor,developers-redhoek
St. Regis Residences Miami,Brickell,Under Construction,No,No,No,,2 to 6 Bedrooms,0.06,Q4 2027,2027,Robert A.M. Stern Architects,Related Group,preconstruction-brickell-st-regis-residences-miami,developers-related-group
St. Regis Residences Sunny Isles Beach North,Sunny Isles Beach,Under Construction,No,No,No,,2 to 5 Bedrooms,0.05,Q4 2029,2029,Arquitectonica,Fortune International Group,preconstruction-sunny-isles-beach-st-regis-residences-sunny-isles-beach-north,developers-fortune-international-group
St. Regis Residences Sunny Isles Beach South,Sunny Isles Beach,Under Construction,No,No,No,,2 to 5 Bedrooms,0.05,Q4 2028,2028,Arquitectonica,Fortune International Group,preconstruction-sunny-isles-beach-st-regis-residences-sunny-isles-beach-south,developers-fortune-international-group
Surf Row Residences,Surfside,Under Construction,No,No,No,,1 to 3 Bedrooms,0.05,Q2 2027,2027,Boris Pena Architects,LD&D,preconstruction-surfside-surf-row-residences,developers-ld-d
The Avenue Coral Gables,Coral Gables,New Construction,No,Yes,Yes,,1 to 2 Bedrooms,,2026,2026,Bermello Ajamil & Partners,Roger Development Group,preconstruction-coral-gables-the-avenue-coral-gables,developers-roger-development-group
The Cloud One Hotel & Residences Wynwood,Wynwood,In Contract,No,No,No,,Studio to Three Bedrooms,0.06,Q3 2028,2028,HWKN Architecture,Whale & Star Wynwood Owner LLC,preconstruction-wynwood-the-cloud-one-hotel-residences-wynwood,developers-whale-star-wynwood-owner-llc
The Cove Residences,Edgewater,Under Construction,No,No,No,,1 Bedroom + Den to 4 Bedrooms + Den,0.06,Q1 2028,2028,Kobi Karp Architecture & Interior Design,SB Development Group,preconstruction-edgewater-the-cove-residences,developers-sb-development-group
The Delmore,Surfside,Halted,No,No,No,,4 to 5 Bedrooms,0.05,Q3 2029,2029,Zaha Hadid Architects,DAMAC International,preconstruction-surfside-the-delmore,developers-damac-international
The George,Coral Gables,Topped Off,No,No,No,,3 to 4 Bedrooms,0.03,Q2 2027,2027,De La Guardia Victoria Architects & Urbanists,MG Developer,preconstruction-coral-gables-the-george,developers-mg-developer
The Lincoln,Coconut Grove,Under Construction,No,No,No,,1 to 4 Bedrooms,0.05,Q2 2028,2028,Paredes Architects,LORE Development Group,preconstruction-coconut-grove-the-lincoln,developers-lore-development-group
The Perigon Miami Beach,Miami Beach,Topped Off,No,Yes,Yes,,2 to 4 Bedrooms,,Q2 2027,2027,Office for Metropolitan Architecture,Starwood Capital Group,preconstruction-miami-beach-the-perigon-miami-beach,developers-starwood-capital-group
The Raleigh Rosewood Residences Miami Beach,South Beach,Planning,No,Unknown,,,,,,,,,preconstruction-south-beach-the-raleigh-rosewood-residences-miami-beach,developers
The Residences at 1428 Brickell,Brickell,Under Construction,No,No,No,,2 to 4 Bedrooms + Den (5BR Duplex PH Available),0.06,Q2 2028,2028,ACPV Architects,Ytech,preconstruction-brickell-the-residences-at-1428-brickell,developers-ytech
"The Residences at Mandarin Oriental, Miami North Tower",Brickell Key,In Contract,No,Varies,Varies,,2 to 4 Bedrooms (Private); 1 to 2 Bedrooms (Condo-Hotel),0.05,2030,2030,Kohn Pedersen Fox Associates,Swire Properties,preconstruction-brickell-key-the-residences-at-mandarin-oriental-miami-north-tower,developers-swire-properties
"The Residences at Mandarin Oriental, Miami South Tower",Brickell Key,In Contract,No,No,No,,2 to 5 Bedrooms,0.05,2030,2030,Kohn Pedersen Fox Associates,Swire Properties,preconstruction-brickell-key-the-residences-at-mandarin-oriental-miami-south-tower,developers-swire-properties
The Residences at Six Fisher Island,Fisher Island,Topped Off,No,No,No,,3 to 8 Bedrooms,0.04,Q4 2026,2026,Kobi Karp Architecture & Interior Design,Related Group,preconstruction-fisher-island-the-residences-at-six-fisher-island,developers-related-group
The Rider Residences,Wynwood,Under Construction,No,Yes,Yes/Airbnb & Building Prog.,572900,Studio to 3 Bedrooms,0.06,Q3 2027,2027,Deforma Studio,Cipres,preconstruction-wynwood-the-rider-residences,
The Ritz-Carlton Residences South Beach,South Beach,In Contract,No,Unknown,,,1 to 5 Bedrooms (6-7BR PH Available),0.05,Q1 2028,2028,Kobi Karp Architecture & Interior Design,Flag Luxury Group,preconstruction-south-beach-the-ritz-carlton-residences-south-beach,developers-flag-luxury-group
The Shore Club Auberge,South Beach,Planning,No,Unknown,,,,,2027,2027,Robert A.M. Stern Architects,Witkoff,preconstruction-south-beach-the-shore-club-auberge,developers-witkoff
The Standard Residences Brickell Miami,Brickell,Topped Off,No,No,No,,Studio to 3 Bedrooms,0.07,Q4 2027,2027,Arquitectonica,Newgard Development Group,preconstruction-brickell-the-standard-residences-brickell-miami,developers-newgard-development-group
The Standard Residences Midtown Miami,Midtown Miami,New Construction,No,No,No,,Studio to 2 Bedrooms,,,,Arquitectonica,Rosso Development,preconstruction-midtown-miami-the-standard-residences-midtown-miami,developers-rosso-development
The Village at Coral Gables,Coral Gables,Topped Off,No,No,No,,2 to 4 Bedrooms,0.05,2026,2026,De La Guardia Victoria Architects & Urbanists,MG Developer,preconstruction-coral-gables-the-village-at-coral-gables,developers-mg-developer
The Well Bay Harbor Islands,Bay Harbor Islands,New Construction,No,No,No,,1 to 4 Beds,0.07,,,Arquitectonica,Terra,preconstruction-bay-harbor-islands-the-well-bay-harbor-islands,developers-terra
The Well Coconut Grove,Coconut Grove,Under Construction,No,No,No,,"Lofts, Townhouses and 1 to 4 Bedrooms",0.06,Q1 2028,2028,Arquitectonica,Terra,preconstruction-coconut-grove-the-well-coconut-grove,developers-terra
The William,North Miami Beach,In Contract,No,No,No,,Studio to 3 Bedrooms,0.06,2029,2029,Carlos Ott Architects,Blue Road,preconstruction-north-miami-beach-the-william,developers-blue-road
Tula Residences,North Bay Village,Under Construction,No,No,No,,2 to 3 Bedrooms (5BR + Den PH Available),0.06,Q2 2027,2027,M77R,Bayshore Grove Capital,preconstruction-north-bay-village-tula-residences,developers-bayshore-grove-capital
Twenty-Nine Indian Creek,Miami Beach,Under Construction,No,No,No,,1 to 2 Bedrooms,0.06,2027,2027,Urban Robot Associates,Trinity Southern,preconstruction-miami-beach-twenty-nine-indian-creek,developers-trinity-southern
TwentySixth&2nd Wynwood Residences,Wynwood,Under Construction,No,Yes,Yes/Airbnb,,Studio to Junior Suites,0.06,Q2 2028,2028,CUBE 3,Property Markets Group,preconstruction-wynwood-twentysixth-2nd-wynwood-residences,developers-property-markets-group
Una Residences,Brickell,New Construction,No,No,No,,2 to 5 Bedrooms,0.06,,,Adrian Smith + Gordon Gill Architecture,OKO Group,preconstruction-brickell-una-residences,developers-oko-group
Viceroy Aventura,Aventura,In Contract,No,Unknown,,,1 to 4 Bedrooms,,Q4 2028,2028,Arquitectonica,Related Group,preconstruction-aventura-viceroy-aventura,developers-related-group
Viceroy Brickell,Brickell,New Construction,No,No,No,,Studio to 2 Bedrooms (3BR PH Available),0.07,,,Arquitectonica,Related Group,preconstruction-brickell-viceroy-brickell,developers-related-group
Vida Edgewater,Edgewater,Topped Off,Yes,Yes,Yes/Airbnb,,Studio to 3 Bedrooms,,Q2 2026,2026,Kobi Karp Architecture & Interior Design,Urbana Holdings,preconstruction-edgewater-vida-edgewater,developers-urbana-holdings
Villa 17,South Beach,In Contract,No,No,No,,4 Bedrooms,0.05,2027,2027,Kobi Karp Architecture & Interior Design,Regency Development Group,preconstruction-south-beach-villa-17,developers-regency-development-group
Villa Miami,Edgewater,Under Construction,No,No,No,,3 to 5 Bedrooms,0.06,Q4 2027,2027,ODP Architecture & Design,One Thousand Group,preconstruction-edgewater-villa-miami,developers-one-thousand-group
Vista Harbor Residences & Yacht Club,Miami River,Reservations,No,No,No,,Studio to 4 Bedrooms,0.06,Q4 2029,2029,FormGroup Architects,ALTA Development,preconstruction-miami-river-vista-harbor-residences-yacht-club,developers-alta-development
Waldorf Astoria Residences Miami,Downtown Miami,Under Construction,No,Varies,Varies,,1 to 4 Bedrooms (Furnished Junior Suites in Cube 4),0.06,Q1 2028,2028,Carlos Ott Architects,Property Markets Group,preconstruction-downtown-miami-waldorf-astoria-residences-miami,developers-property-markets-group
Ziggurat,Coconut Grove,Under Construction,No,No,No,,2 to 5 Bedrooms,0.05,Q1 2028,2028,Oppenheim Architecture & Design,Allen Morris Company,preconstruction-coconut-grove-ziggurat,developers-allen-morris-company
